Encrypted Email Text,Classification
gAAAAABnMuxFSdEXYavoxMXTffyrHxZc1SDBbcD8LXhp3DouC0VNVoc857TEBP0ukfQt7VzfZGT6Rmbd_X5mQXe23Kf7QvWbw7R9SgU-D4SWVrUaIPfHD0HA3eb4lZNqtE2f98oorT6TfT0T7jukvWxSsPHya-DPa7huqe5ilWZsuPsuMTnOEB1uU7VnTx_pctPzZpS-fUyh0GzR0-kul2BZdk5Sch_5hcWTpq3TkPXXPPRzN9zH_ozPz7mjeSTjsCHJ75gPcyXnCewnbDsf0eEBHujsRs71Ld6_EVGbuKgslf0O7yZy-INCurF4DAmAV1cg23Hs0q3wlW3aER46jInOvNgR5HDnDGTPd-UCafMskFpv7gYFxzmzL_5QkVRWtoB1mvQlXi-FOhazPomgXxMUVAjbz5lcv6mIbxzd5LCPvdJnl9BaEBEC_7tlcTUysYaDW-Qtw9DttnYKeRmcf1MHj1bUgsPBl1MiOTL2xcJzlqrimYuK68YRL1PQVjsBCvFgoyuUFK1hylSrPsk5Jr_TVhgVxOwhe6_yO47_Aam_cBinDb-lqJBoPZG4IgzUxB6oTV7OP7zckim3AMD8Z0cJpYhz0f09FA9pH0GNnjrO2yMYDRo7lnr06hitlM6YJ-B4aUP2bWO9vY3G3CfoutGhhWuQwWW9YFjTAftb5kY9VaHL4rQRbs2r3OtT3hcfCknBy1MHp8L-8aiLZG27SFml-plCZKhLTHfzMkJOs43N7YV7e5ZCPYJEMRoGjGJIMXM6YhpuRBUyFS4LfVS-V2Iwad8Lhkli48yZaTtmo4PD5FacQf6yrlp-62-NCsC542oU8AL1acHM4wr3eXt9UdFL-OXerPNrzanPM13IFK1ACKJjWX-Yi3z4OfXxiGhQYiVzQ3FKx4t1ZQAmpzB6KuvhKMxZSWioDAnlt3qJsKsjiIWUqFMYib_tFSQ4tlS0-RaynkmSi7GuDLcNNz8D_9kekaMKi-R6bY1iphkxEFE1P8zstLdGSDdfYDC_w71uUGH9dcy4e9f6Tp8mk5zo_9h_F2rrTYReF48F2urCBDuEWzQ76ZqDU6qd-jYaac23Qq9q2G7fbikA_xnQ7s4MS0RIovN1ly9cugNMho3OD4wK3YiebgSbDKRiplo4dFWCabsL6dCsxNVcgZQLl6I2V8f9ivcCTKBhUG2jLirrUCVYuhl2l9X34TizlRYGndC2AEOUP60W-GfZQ91YwuUyLFgIApeaVk1mZ51oADhwXgK4k-YLnjr7rNds8e0vVzY8ltPjvkyie3GV1GZHRPrX-wSyqz9-TbN-cbQb1oQsLwdQmt1UDk20UbwxfrXjqJFDl1NgjEFXG3WewhjOQfFGxWfsW_tXdIIWlrFRt8kPfP-CAJX2gwTSujmPUgbAaYdlY90GrioaE3NbdtfXgh2Oy7tPjkRN1cHfoxQJJv46DOdWItK3ahRNflwkxaUzlntMI4pu68LzswszjYJjQM_w8vp41t4uex95sVoWJjjL2LuUEe-GxFKX2OeZyFR8w8UzxXN9rm-kO7Nccx6V8bEb3Yi_f-r2FSYwXw==,Legitimate
gAAAAABnMuxtbGa4IDpvn4U6SYveNeQu4PT_xK16KXK5WbgQXqF47nIk9MU_txS80wZIKfKhlTdfBU_bVH7JZFe2WWI5CllZ11w_GMTu9rQK29cnC8HaDW4m9bm5LusH86GmTkyoAb7BE8GA3fwp10Ys8IzLGRweqSPxVsQ5Aae1WhG1oaF1_UP-gTIlfmZ9PlNUH4f7yaxfZZm6s6lk9D8yErcSTleYo3ps6gMEht2h-izfrygxxxtPb45qEU4VLHeg8Cc9nUAqHNkaMNMSSEH_qHbXlhi4CD48PeUz6nsoy5C_Y18Wm1Z3g-4nZwlIiHUI6eBE_JGWXIGV6hfC3zSLJcs9xZBSR_26XA8jrvH1hj9obaGKvXV4FWQ66yHuAMA5ufacyTJ1sUKeF9Uzl5M6FiOvD_p1G-YoSMvYf9IPBoPbQioPoH6xSwFYA3x1y4wTarKt6t9SfWHYlVbZuIW_fX59uOuQ_9V19cvCcmm17lwtYhRhHVx6NHb38fTXnhd8aHdmG-1Oh0lQzGO1MdngQnkM-3n4zE52wTcJMVdaS0cjvqGzUM_VLbwfiL103Bpo7r2EMtZDPAz1k22SFH_sJFLFsYKOeR2SyrRqAL9rGgLa3zyuE0WlJXrxh8iGBKcPRj6Q6xlhCkGnnfdfc6ORm0iCu18haXsSD3WQzXWQrQcF62PIIVfmrPl2AudWuHChKufhbjv4nsJvUls9IgottFTPw2JBQl6X-I5Ar997rLXGGJ5jWz19OnCDtMVXCZPwXlPIeCcWC7PfiE3etiTZilIFtm_ZLh6P7EC-rkKx7tzfZbko2mPKVlIMlYzcq3WQN2WCQZ0UeIKRrABznZgTkND4wL2RXEihd5ZHZ0eAszgQlln-Jj8g4bmwQkBoDddMPjBF9KNktqpO8T74niE2ahmm8PXVdN44h0jZgCrDyakrnrUuvhhCJNiuUk0kt1e_gANr57kuWN3-z0rkCa9lMhfQXeZE2B1fb6vXdNGCCzYM2zMkcIHJD5pX7QELK8MzcRBEoMmvchdXqyZ8torBPoQVJhRaKgj0cGtJvySulrea5NwH1GO-y2oicBYo1_YtSR_WWqoVdMZZA26b_2CMeGmUfYTO8-GYpbWNrkcBdNzKEJC6JPFLIr-4_9la0lVz76tF6_Pi8-IeJ7SRCF8_qxVG_j0pejyGHdg_8mHToEHkgLsCueSOeeEE5zkqTVfSpmeNhxwhVOFwQwjurs39qRNSDrpagPVyTMorrQsnJ5Et6B2XKvGL-9utJE3rCWKhVArufywrzLlF_gXY0Ur390AhOmooifopDV1CWOcgi40T-lOHODsjsu52q_tJ6Mfq2n_lFWtyAJl46L1QgHTazCusNqskvV8lbkVmhGjEWdgcITpUQPTaeTZAC294j_wfyy7PucJ9_1FaxVGQ07Vgh1shGyKuLgGCkhJJrCtJB4DpX_uepRp4xvJ9fWN7Skd1ANub9TX35by2Lc14oYbhfC1mrGzdGXjud3LPvZbOchd92mEz2oC9v7PJ4LDcjPPr1kPZqAWhrTUlWKU2dTXz799PEwEWzHU-8xOL3DGXgz38ONhIBujGIR27nXAlGDEmM1q9rk536DJ-KxYkLC2jNke7TWn8RZiFszr2gVrJjQh8PnM8PXOmNb2WXiN5QFLTJdQI-4MAPghL8YriyD9d9xB60vpn4XHttQVwUMM0AHHDp_u7A6cKhF-nHi7ruobhjK3GfeSAbUtcW-QUuMlz0-gj9vOTxkCSsJcXFDeXuiALy0VVGCLY3qclVGdgfvJy28BIDxr2RXH_RRG2RDfIp7568iH58-O9vteoclTcblpXwpCWbfXya29fdyW5oNuDZJYOgrgMg6MaGACNFaMLuAEQ-iLpMg94xWRPGXLntMKAN5aUUsglHrE8w7-oP-8pnthPIQN-0ky2ybbpKaEuXZTkD6XIHasTYGs_IvV8WWWRdqRRN3HN3UvrAev_QKtrly4i6MXrMtWbPSW1CaerlgelD6Sj9RDYUgJvyczEI_T2n72-Viw-EBHL-xViV3LNvYUPIrnQHsVsMKQSOm8joN2d_Sx20i7ZXYSmeL2xv6obSN4m4ygNhBDl1mtbKu1IXiq1Xt6T,Legitimate
gAAAAABnMuyPQTXmmmkaxkfJvuuOyzkBfCnjqmT9XjoQbZEGPhAiXtgc2FGlzzi50XLPjMah_BtBx4Lenxxq4sLgfyGmiJ1vKjTybf8naeZY9EFu96kTi0DZPqTcaZyAxSDS2SVOtbKro1hsz1YS4opdzh1JTfHIhUvRyBows9L-b30EeSGiyymAi2LuX4RWQxGC02WwQfexltQ8wTlLKUaW5yiwiLC-4y6w4ym7wCnahc04dWvCXThZwOK5LNTEmoM5jFZDzfaGxvE4jhH2z_BDnRCwUYSOL2dSAjUxkVB2_WuMpD9tDBSP60recxJAqn4JYvVxSq4zxP-KDTXKNlwKPDywne815UUHqxsgbKmcnhF1y56J-WvI6xawFcdKB5S0dxZzo5VXvnv1drRtRe_Lnocyv2MhV9jFVW3mKe4Ll2pLm3uZSJCwHZiGN6m3YdPEAXf4gDb2Xw6P6c_zAD2vMUdlz2XAXzGgtm9dbgsZwplJfx81e_8Nyv9ZIXW-bsZeCnedpaUzopxDWO-p1HaGKkr2Gc_XH2CB349I2AUaRUZFSLMCd9oTVaY2Qf1mWZU5BRMgGQY5ZMH_HPCGLQg9ntX9sDGOFCwSlBM8KD3bHQu3DOWPZwQYPbfN4hhqagni6OzOptjz4xn22uSoU6UomgqyIaCoHtWsJuQzzqioInUQCJDHFjuiQ414g4gOuQDRjToGYCkLnTr4c04ZUsLmCnTxbGDxnSMhkkSbwAjmuX4vrPFQUcs92CxrelZ6YKKd8fjSk0JCQhRdP-VLhKgcy0jg2aYsWKZQ5U7WFAgl-Ay-cdlUIgUVMVAUbrvA6SX6o-X2cmu3pubOJskTaC7qWGvSMEU63uLwS0dyAF45khuqpLOi5C3r662BEQc7vX9iEOetxob4JLHBieRQxlr0yP2XsgZeD3D-mFN2Jv19qA9JgrA9hD6q-1sqFC66TK65UV6gB81W72uW0V8C_UNh1y5JPujWwApS_CXY0-a5LeJF3XRox36veAV6ZRk3Su76TJOOmzOsHzylSaNCPGaK5n_gEscjoxP1kt3AwlCt6kUcD51r4O-hddaRkSe1h-vTagnH9YA_MOdJhMvrTQGcCj_l7-ax0I12rQGL587rZtHrZE5y0t7R1zesMwm4rdnsZcHAAagYJFNZnV2iQHAdA31PV4R7iU0haDkNJvsAxrmrvf4Rn_JEETjLJ-K6KD83LwoEZvlRZHDZon13T0wA-hlWcq5tnK5CJdj6WKC09bdqLJpLju6V7SQUkqaB06qw0l7YKi-uFYcXx5QI4inEbWguHcz6pdF4-DitmeqsDU1Be2hzxaBoanILS2GYWehrVVa4rh7690QKl6v_11LH0HLz-Zvrh4yTJju-woMds9b_bnRQC5YCCBnO88kLL7bHH11yKl3MVnkW_nLuXNpqUe21CF66RZMoD331MOBx4iRGzRGRrM97cUO6muDZnQifXUBdDklfiyVuir3F3_eQI1YMFebo1ZHB6qyScf2ofJVOZeJcx3FyxTUW2Qpx4uQt8FcIlB2JSvSz7oAUJ-omaHUheuU12swzSGme-ypdrtYYsiaZQoWT5BLG7aVOttfhr1s1HwcDdSt8GEVPhGeHmK_B3g13FYbWMjnU1BFjsBfI7c8QyXa7BxsBMvxyBHWBeYj0cbv0Krk8-cslvjypCtppwFd_UetrxmU8-O1qBJMvBLfJsRDsiKGlirpLnQIs7bm3abQGHfk2ozW0kTyNXyd0nCMZmCZPvWEFB4bategiGCD4OHje2rMdFWHJf2YP4ZwtTvlYZOPpGXccnBept9883tcMfHMTUSQtizWk1GAK5usKPETd92wAqAJng2z7LJ5LpoDA49VAZIuHWdPuzp8W2n7XIk-CuXIZiISkZLIBnWgzN6z_f7-P_M2WE3FdObUdf1IjwmQRBcH30q3FPprRWEagku6z8WXu_7Tif7kfE8hXW1TlYjamIfoMox1updfpWr227dALwUhcsktNFRqcJiehKqBjhF7sJ6I-mXy1zab_JSfuJ0801TQyRSiZsVzXChSzUR9RAftqsxPxBPhcY1MpHZTjsNQBm7dbYHbqp6MyNMXccy4Z-7KTmh4T-Ig_PMvAejC-IM4m5kkPPgTcnrlNLUv2ni7meJDfbizsxIKmm5y9jwdiGVyoEBaF0aHxAPdhUb9nDzh4wI3V1Ulbb3QjRi6hlSjc8E8fjnMfIjIYAF-2CvuUZW_ijYMmf9723AjK-Z3LWtn2UezGPmz_4uTbBohr8IPXocWrTFCSf5YfHJGOtNj8GeAtQZUK3o3IPhRcDuF8ts6SAxWtkvpMucS7rw==,Legitimate
gAAAAABnMuzO66SIUyqKlX-cl6afPt6_AepX7mqWYH-ZzwhRueJvtPDk0XegnHqc7_hS9gMz6Wj_bNZNrVXeo0GKxQqTUAdRPsIYpzyMDMtuxLq9bKY6uuHUzJzNnhBzRbvjZmjOWKbnYpdEy4fR8mz0raXEtv7hdAZsoQOuEdj9joPI9L-aiqpCk5UPx_zIEUXSHKoE-2QEnjQ9bDZPEr8-w6Sg86uL4QxbmQBTfgk0mV-Z3VP99gVuwM73kpHaexcIWCFCLAxgrtdevLPP36g7zg370RpyP7arDI83gAestMdklmJ05eYxdAaXXBMYlRBtiWthzttNtTMLKD0_r6pdzP1nAj4O6YS0nSWmy7tzjU-yLQxE-AckAEPih2vOXKrJdLq-4BpdIep-dG-kF4irxwodCqv5NulclCKehMCFKFc5tXGSDJimyuo1r5LQcwvFXRUfoUyLLRUSU2C2JwF3G0RPmY5Htu4RDzaAgz7BEt6V-llMdmBjiYCz8oqT2A7wbXPYKxLH1Gh8JO8fcWU5KkYr6CpXEEVE0RG86jIRZG1RmHCBNOhfLi0QTTWhiLdEDuV7Ly6P67cIwkBexAsltqBGbgFLjl4MYBIWBeZCQ4ysh6XsN6tsp6SktI2lfnGtrrLjqAFnWmrbpzMhpZPwvM5SUhdx1IYByt5SOgQSkgJxefx3wgZghFFjlkr0DH_j4qA6laxibLZWziOk6L7XI3FxDenoJgcPaCXCvqeV3dmqfsyZPXTdK1alJocYbVp2G2UNa0VMPH3R94h8U6MiuJZx1qdNNSC8GvhONy0BNmq64RWQT7TqZGcRwbmBknogVfncVziHgTCoHo2LK3ZmLoUbIc1C7gpklpBONpP0MwHSz0N0AGeSOh4At_a0UMqScCBh2BRdk1EsbGvv1LqwKTPt8OECwRaeJSc_Z8d7mHrEl3icMZWiQZM8r3mCzSAb9xRiG-_ImMnijklUZWdisZm6n5f-Lw==,Phishing
gAAAAABnMuz6lrxBgXZeef4GJismI9bWnZXTifr1Yr-ZQBF07H2ghYD6DIG6INS_UG8EQvrOlIKwjyjEj_edfXlf5QReenShhJwbchtW7JSe5FYlRH56NrWdmdsK1XaIHjcsVutgtaMeQTnwcapQBUoNX8aomngtGwcroMcN1wr0CShq1le2T1Tajz2HR33q3aNIUG4VhNWhrDSqA4NH3KySfIeI7IdKdpTqWBID6nFayRdEF8S7pj9xFdfGh07BzLp8UdcOM0jCJCJiJV2pXWlwkC7OJk82EtuFqGrYcJA6Zc-nzxCsll2ZwUdrmGwyiMfLRAI5lX3qnHgfUcyHwOBD394X5PQv4BubgS78yjWd8iEkk8opAngnNz_xOVfJxh7gB3LjpyB_l6yqtFzIIpaf7K0iiuFzw9Uxtdg8mJLl6qXF4KB87xfn8KM_X3r08F6dH4K9nhErxlVIAo-SdxI1iKZeT4ImMLjMf5210Ga5c2gs-HAwWaE7dFem2uZ5AOuWRfjnFDFJG0-SvlKq6MqDqC2z2387VU46L3qvFZMVGL8aGbrsiT5hP4ed6sGLfi4Tcsg9BamXQKz4haNjK5XIxJNWx52Crj-GmtFfI-bIxrvZNxouYt_vgGaaUYHUhWML2bkuX8t__YYIBVXoVvEPKb2Aj7KUy4abVSjH5NGbnum-rwXpP_-FfqJH5S0yZuOoQf1KSIUPNZJK7R8Tb7iicF6dV-a3cZn2aYp6nnxn5BZIqcG9mtHMtTCtZIlj6zSv3g4P5hQ-OLJK6iPd2gD6hOKBc9BW8DkXKDC2pOI0tJpFU4prYR0=,Phishing
gAAAAABnMu0L0W-gk47gIjeaC_X2xZcjyMt36m47BtccUpW6DKIm2_gseqIgqOEOqRmVCRzI08QG17IXgvYfszofSGdI1H8nnPWTfWYxVe6EVFSlFmGAhJMFlSyMV05Z_h-EGz4-PndnPtvb1oKlqwZTs85nEkuUYQ9DknDwg4URQ4cVEWUKVxh8eGtS5HVPYRw918VqGdfbEjGs2NJOVDW2q8iVNrHidBZgEd4TCeIXP1M8hAntntxUK_-RUwBasNqMZ-2hzDv4HeRpPwQoCaU4wNhRb5Jrbu9GQ1XRTnqJjzFbAj_AFVssjAOWy_wRCS4n--MzPSHhFVhaF-ZPCMCrcPgDordyJo1kJ9LMmUEDZ6MBtKWQTnk-u059745u9qYAZ_w7C4lhC40y4xKwyaoIF7xIt8Gz1acwr2Us8AtEIpaDwaELZJEgh28XcKfLmoUQ-62mizgTJJnvseP9qXAq40BFr773E87H3Nonj7TReMB1g37zKCzQzXkbxhdaAYNZJQFYrl0VQk5QuP2JTrTHAm9xY8OFTWNn_q90oGhDImjfVYSUMiw=,Legitimate
gAAAAABnMu0Y_ObZ_yZIf_vQzmmTSmO9kdKQHAmKTSjpXaIOwLjZEpvRey2RQn5DdterV8tdCBvwFjY8lpeNmzZ2H0CJtgCNI19k4HSNhj8BzA82E7L2vWBa20LYGUHbMMhueL6oaQygbuTDTRbDbFM5_AhC_3wqXeqD42Gu8yPDiov9Fw_JO7kS7J0Uxi92hWp-d0CCxhniPVvWIVx8ONj_sx8089T4E7xB3izCyQC4c5OFJcmNM9CcX9wszRuSbM7CyF6QMzEgru6LurB4k5FyXg8JJgGHUH11skrXSo4UOmPTUys-dkk1yG0Q6cdUI0VfUw8A_A1MfN5q83UI4HuXtMRtfBU31CAnbW3XEWAprsl_U9b8n4iC4XmNWAucHUrvyb990XTzvYHund45pEESsemBfHJgOECw8vpEiouOd63niMj911QyUpKQIJkxBSalttqyKTm1cx8_Mtlw6HSAwkUBoOkc_6mmT9xrs2cA6TeJ2W289uSCZrDooOV2kBNbPDEbeLlH5tDLp1H_IndG4y8N6-qCApmV7Ch6fvFWEVaepn_pmfddjFtZXcXfchN-1bG2UpXbm7UMlmN36rQbrLTJounYr-Jp4Qg-f6VlDccxnBARmZqhoZpx1a4t-VUUwkvYZlZZ-jWFNm7wkFvYQgUTer4ghOOSUOWSFTbZr0FMUfJmdP2CwvIXDsKh9KmG6T2q5rMr9RcfOtcoLdmdyVn4g_CbjTrosb6nQZEF1NMAOBY_VvHzGdf8-nBjg_sGVTtvExXxZp4l9xcljHKJP5YydUL6l9TTswXV8-U_fIcGEz-A5tw=,Legitimate
gAAAAABnMu1GAGyEhZ0-FKv7wdeq_Y6FBbO5lkcGIPTSs_b4RKhyJBXdnoWRSWegc3gkyTWLRqYybV-MCfboqMzCc68LZbw4IZYTyyWDr0E8NceIfDfuBqHRLcIT-WDkQ74kzSZex0ITOtROV0_sf7QQuI7myyrKX5-2ZoYS1io7W6xE0EPkZDNGjkVmNUm4psbQdat4RH195K9B5n6YWj2hJX4Gxv89I1aQsLGPEnXbHGam7FueXNKJXAxvkjgBCR2MRKtTkQQrgdP-0kSbQ5igkd1vGaCVCkZMBWPQ07PPhP8PIdLruhHennKt4b1fOOrkIrD5WdhpiZ5HSTBxVC1RQoA64CAXTz4PPn3C_a_McY2kGXSXmiZakEAJTbbnCvyLRYHEy-XFv6858b_rHu1lsFXPbPqa8A==,Legitimate
gAAAAABnMu1OKc9OEa7x4BB8GIzvVwVSZWQfOqZNkrMU3LPD0QrpXq5B3RuaF3_tRAmwJtASQDFtBKlCTzz8Ya5JOpDsDCV3eeHu2M5FVKfxmSrCAtjvlD_y7RkS0MlYLJoyKmzcW6LYQ3OY4rEe9WvlvZZYdVSI8WG4gYelQVIp94KYtLpTjc7rzKPKrel9l1KrQBxB3hqXnVtHgvR7jVBbunNU8wNcbgyI4RqCjkePhFB1qakM2VADUP4mqZlu2-ZwEZPHftIj6zyNovL3hafj6JWcTBjINWR-5Qup0ZO-7lpEo1PuUcmRudJEjQpNKn7h1upp2Ii7N9y86tbVpkoXX7bz0o-_8zL2wK3KjiZqzEZE0GKCRRe71EGWP539Xm2LJfbmUqVl1FZEkEDxH59vJNHwC3nLEw==,Legitimate
gAAAAABnMu2O_NCrruzcUMCaQfY6jfQPbj8N8-4lVSHaXRDnx_-znAmcAqkmckfbItvky6VfQDcb7PRM-uwuWwRiE_3VPR3KbfcYc1vKgipUFdMEzBBid5Efr05SXhJrW5xALuFRC-7sIW9sSJmX5xEZjcJsDuL9xZvFDK_n76ZOcVlCs_DCs6svNGWBMdRBebhqlNy8EIP4vdk8mDekwNLtYl4wTwZZF3ciwB0_YnvjMIkCyta28aL2IidmEC0ccQYepLsB0WJDucm-qbjcwVyjsixXQL_9Hckqy_-DhBcJMcOUvTmx2ThnZcTRHrs57_effwoH3ZEe2HsJXTeWXSatjVMsKAwNaCDj4f6b8wtYqf7tR9_l-t9GP4KlKnU1ldiXybTRgXVnQo88ZAPuKyYeCM9I5_dzZWNuU-qSIt3gMaafRYCgE0kV3uZDgREzunon1zBcUEsOVNLvOu7rCFJlGpezgEGJvlSKXUTzVU5RrvDukeLAD5nlVZGBw0M0NALO35P_NPs3tpqfmiKNwEwEYmIasNlBiCZuUGCbtgtXHm63z_j7TwKwquneR1pOQLeNLvPMr2wc3xAQRLul1WdBPxn-zadOraTKD8N8f7f6JnWz8czj7Swrw0IoGFZ4sZJtQxQ9K-TdfLZQC-w_zBEmR6qM0MmtbhUVltmbvrbH5zkLWjUUsBWFNEJBSnEVS8G7rRv1-IXEDjvYys4Xk4MswbKrhJ8hVUS91UuEnbHMGuzpNhvj9XM5lrei37w08e0G9RJTzORvN09L3yrwJ8fvNbCurJe1nuqMihGh8zCdoktF68B4Xtlh1pUioq8SDD09LhZz2avPhriTeIjiqA6rp4TnV6opgw1i3R45EGk5W9vU_r6UBeMC5Kw5K694Ms3oqyb7FWAO6NuXEvy59ILZcAMLmgUDNC4uVdE7ZVnziAHvYhdbLL5_qcrgStMAiSUWS_rUarDdPyH8HzyOPiLrGm_8R80H1u3zXdMRybS0iCvKBddrdXCTpg_8TgknQVpNtp7w3OV76g5RriQZsFG4u-9IlJTSMSGYS0j9tmV5MRIMQZWSI8bI4WxkSRiamzMAQIBdV1gxcbpAvMl9xNyprIp9b4RUEBtsprDDEzn5ZtB7bW-xZaEgZcckK_rMomj8BB2ra2QNH_mPgnXn4EF_C_yhM7f6B4Gu7faA3NUmZ4mBcVuEwHy1_C5oZNwgqFONVzTTYcwmkYI-tK-02CuWKy32Ow9omjNX1Ysn3XwrOmCI7NOGh5sGT8IRXNbRDtmjTSGFgsf5q2Sw5_fqL4F8wgOoxs4UYaW36j1uvSUQq7slvYR21UcRmEm-FrVnwTL3hbpIiSuk,Phishing
gAAAAABnO8rfdflsbrqTtT4MRuabCUHdh_UAbME0sUnqsrMESVTGunwp4BfnQhIl9OvUGfuGspO_H0-9Pq7ZayxZatkVpHcaJdPMZ4Rmug8yqOtzTmsF5DZZiJZ0QB1t1GTiaux-7O8FNnoVMQf-mjcMyTa7NnYzcD1KYEajwMAFvxF-M-pXeFzMtT5U_SZWuOhWuXN27gCsZijQPVKLLgpFPLQkQHJaHl7EI9hma9uC2pXUE_9hBfzmE5v9k-oF3YypG5d0weOcCxIIrDVoOj-QS8MrtmVWqFK_W8aZhRsns159gMCoNuGi85EeFJxoNyOamuoRWvog7N0-gzSulCr_lwKqDlXPt8YodTYjh8J5kIawgGayrarl7xKQvzS5hMnLNce_h3v6r1A-R7SiNJddP9IPg6Nk6vxvUcVdvv3WC6NnUD0vXw8S9fCSQZCnpYw56ZsGL5NzuMDcXq0UVZTdgwaYSs7zfeAeA_M3wR0hb70jXieQPKNY6fA5ufXid_FnJncBvIcP6sMcBgf2CEgOuNiNpy_P7IJPsWrIpVnTKVGPkkw2jM2jgK1DOhmVR47khTv4YCROuhONig-SVJGM2fA2VySb_TTiT7eUj4r4CCtY7Z1XiI8PAgfwjVqtTxh3twOPOfFOH3ZqC6tYJaOMhCoGhL-MCQ==,Phishing
gAAAAABnPSgj3-ukvSsh8z9u_VfTU0FzILE3Mb2cKZbiouarCD37FTv6ylhPui4ArK7C45H21rv4Fxm1Ji4xiO7vPYmeBGZ1m3n1i2LPTawZdAIdgUaL5DW02u8uYR8gYvb6hb0beKzCWDo8aMOAkO0XZNWJD3PiVSLDBxmP8h_XkSNBQIvMC28wG_IJDmGx-fqgPt2LDFERvwMj7wUHVjTtatOL7FoO1egNvqCw5Ru96oS-jkWC_Rz5w43F49bqlUoOCORRbK2J2BLH2ZmkPIvlAj6DpWfpPGvPxqFDPSxW9EIWG5lmkWSl339NvId4Zzu_uyeYUGWJ2pKyaQZghwSqIiHFDibZbN7JGFA6u4g7-iupuIVeoxNk2myiUUdPqu441vKtpoW4kj9_2DmylaJzfqprp8ERLTr4ovnQ9Ll1jvmMw0pFAK246pXqjlHLbMPiHzWvGxpu3hn2Z7sfK1xY6134UeR_yUCZEGCO9q5GniXaJY1x4vko-PKCash8jmGoSsrvquw8dWYYexoQiHHehDp1a5I2p9ciI3gySqimAUu1_V8A42tEebLdMjO1jUP1QzOY2pjglhi1cA9T5zPUy4lRyElW-mjJ7Yy0ESs5YUFa35Xlp9eZhF63pq7W063kE8h04Go44bQ6iqJPY2gedta_poBJWK7U1ZMZ_G1eb7j0gQ95ROIhzf02T7WUFq_pvfjaMQCnV_Iw89I4UYvx3E8L4gNFJfAVE4sndSJt-sxR8z1hqM3r2AqISMa1MD2rxIRVu1TGJasspRqKoF5UdIzShPxKfZroL1A8j1fw8IlFTGa64YgRhvzdRQ_42He7Ye0uuae5wFMV52xevEmcGzoQd3mvBSiyZpsiXm7AsThy2cm8H0DKrCUH8OlCRETOLHZ7TC1xyEiF6eqKlkzO-mfyErfXZiyxBUAANgAPGlqMO1H-W8SbYVVrxYUjCbvq3Sae1Gr2HUyUF9NH3ZO47XM2dPJEkAvzKT9ZxEsJnl5gh8HHzidNHrE0Yz_sudSFOvnpP_t5jOUDI2BJ4HI--sg1c5RRvS_DoLGjkNrKq9-2glMW5vnOGMX-KXWAAjQt5GLdbtDe0KgNnmXbWt4b6ymS00E9MgIZ6cKtCwun91DPU7BIRwGiGB0lojxLxOb_uU1eJKTOjyz1Czp5qewfIJJ_ZyEbYzM-BeSBPfMR1NyoGSqSheyu0G_J6TsJd0vZFBuEbVH6fludviL9TmiPSLHMsE12VaDc0bId61wLCAxnTxhHOBlNAGaO8tTaGgYdXjjKgqejZaCChhMaGxqm_vri1wqvN1qCq73hltI_WhyoLeOgjoXxGn36TyTmXDRaVv6APWigesNC6AKvzEhWiyMfTTgLDwc_5Qn8E18j7afJXfcOPe0T8IVIqte3HY6vV0ku1djV8xBLG_CUTtJwC2cDp-XiZ5Br07FMRJoqVg9xvzIusk2MWvbsVf4waT6jZX5RM161-1hRppMexB3s8K1jYtzgaP3OOkOt8yveCdKEo-gbHCCiQpyIGM4lnlpHOCkaAMV7QB7awN35eGi1urg7wGP7BHlUhXLxjlTNy7Ydbv1sl2i4bfPvu9fLjw5GPWdVO0elOKQ2GDrrE-KmTxaTX73o0dUltiNUiUUU9ay0c-ScrCcaciFEBjzJfYrDID_xyAR4t3Mb-qLFpoe55P1lPMIhpWZb8GPJIQqdxgXWYMleVrHQP1CsUsPWABAoKuMBXZ6v_dwpjc2FZ6chYx5bqW3VPsWypOXpdOr4RQtzunaYPWxX-LH1niP-NjqDw2Gez1IrnO4r-cEagPxXfr-je9FJ1ntDy-yNbNmFLsFAvDhLM_5wtgv3jYcb-d4a6lBZYDr6P0jWB54ijomukWKQ15CETHjGQdUtWyg_RxqjqDXsDrtplGndWEMLVT0i7pks1lIvCK_bF_QyXzoCy3KVT8OrzZvCCpx2sBmeV416HwZftWU27h77ggnLO3S45EzQcuo9VZtTgGUsvedIkqLENrRZ9d7Iph0l-cGbC8WlS_qqiPOlfZ7JpQQedMyZxirynsj9KiIBe_cLdeoCh008r8eBVFFSmCeia-kmIxo312CKj0nYLqLVRcG3L747UMYHm04eY8-zFwih64aeBqqtooORf2THEscaFQA9S6UxiV82ihhVDktQWgIekgSj2hNy2d0Rms3e7WyY9D59b2rANWEZYR-cwBzLwCpSq2iQjeF9u5JC4V1Q0VMhxsNBK9rMx_6B0Nbg-n_CQOJ02wyyLjFlEPWpqc6ac3TQwnXoPlT5qSqeaJGaj_5heTY6hy0WJOYBSQVeUhHPiTcdDliAJihBiIHBTBlJ3QCrCCM2LYfnVWR1G03CYfMMkDcLfF3wS0VasOg7B1RibABgv_Qq4FjDETm549xI69CTmPC71Tdu1xyU7U_4XnbYT_CBz5UyXinTKzRaGUsuc2J0odiV1tHGBq9qkctkqMPU2NBn1RbdviU5is0-Pjg3me8ug4L8376uODa5UjygjETpe_mRIgyW9-IolCx5Nwhia6gkTwG-_pQH20CJdxgxYz8gj9tM4nTjw8lHj_rRdgzeVrYsU3al4wPUMF-Nag9F8NETr7rHBFF1f2XMQi1Q7wh60P6KV4HGcr5HqQqmpSYv0ZO8T8p3r-CQ7Z51jYZ_G6ISQQuoaX9o_-juL0m1bAn50KHu_531SDzsBCw-Nd1epWPuwouieTAuPKNTxfiFBicAI33pf4GYglpdsHQTTTYITP3fVUa0wgS8jxlrRCtlhggvI9fBKSpx_8HRDM8Csgnn8PDQ_fEUTDkVIB29o27ZgytUh15qUhYWsGWeSQeyqKsGve6OJN4L-TJD_IjaSwlt3YO0GcOshFe1yB0QPqRREAgonG31II6-AeoEA06PNdDNIHhqWw==,Phishing
gAAAAABnPShaJ_dFa9aLgsjoW6zdk-XqDjzVaHWf_6e5QuLud2jFEaokxMxgfhRzZ1cArq8ADB9QKhGonJTKwdykG7eLzOrSWb-iHuv29hwuq0vpjjMAyIWYM1OULfLg1VahWniG58bthZ948IFBUjA5aEkN192NFgIY2PgSHuony_oepsIiAc2wHDIzamHZG2w_g2rfLjQtmrTuqv3KX3LT5PPuMdyTp-fbN5QGMklHyjH3Cy96oOsQasUeOluHZcL156Mt7Dw61NGvUh412Cn_wrKxs4luHaOL2pMA8MWGe7UxA8vJXLGD9E_piRlU_EtNnYzgnaBYLpt2S7LQB8jR81kNykBvIgizxZ4lAOU4aY8J3MP71gQ9ZhruvdmBLikTQJeuZBFXVnuudy4drOTnb3LR_SMVGgE7Kvd6akVnVtht-HSy4YWhw03Zrrq6reRaYLttXq0Kk1esYemczT4tINo0m9TrkuvgYwEWrRU3U3m57Mv_tMKg0lVs9H0tT7WdTjOliLl2voNVpI-VwYYXcHxeALHdHkDtlXvREMN1dX2I_3kF-r39-FFPajEFA4dU7QM472wLuuAcVGiWlti5MEx5FEjHJD8tavaGpgtd_IrKodM1BLT0z_SEW8qF0Y-L9nINNMvCQ86LtoxCqjKiJL_NYCXbca_JNAR87kpf3G7DRiD8vdEco1H_dgMB3y3zphvE_rC2UAmXPO0jJz2q3TgEpS9lA4BScLm1Vll-Zs469dHMbVpwM8HsC6RDGoytI3z9bgMXSPu3gSyg58O6gGJVDcA_7eNFr7NSXKDbVhm4C4cgsHGJjxf03_PFRVO-NlKlu7DpwbAcF43-DUe02HOhy5SEYk8PydNnGqQwih8WGJ_grX-oT8Siivbye7C-k9zH2uMNpROF-DxMXHQou_TNTdPHBIA4jOKiKOdUSSeCilUyQFJzzC_RkCw8kYTxbqpXIVS7,Legitimate
gAAAAABnPShiG-xfRWKh6RdS0rv2ev05jIHi4dXKcuScnAAC6-qDPgvx2Iux4zqLnx5lerpWaN8g7y0VhVmhYLI4PrSuccT8MBAcqTVEooswITCAsnnUe7tBEW-r6S7-5NHm0FrFia1Vk5pdov__7XVpgxLHU2mqEVJTZ11YGQozm5jsjHCbcZkW_cCCoH0U--lmt0n8MRzmww4DvISur5eiamrXBlEOIlNWw2v41FuEKNBbMfiyIjWlMzHUcjEhAyVxMtUvIAQJ51N72cxAqB43innUwmAixlDOO1CB8zb1o5y6QHXUiffg8ukM1aFW6bcbhumqVV-aPt9E3BYbMoA-qtcRkQQh423SqxWRGiCQd_1yq7YzMIk3DQ4uXs0kst7i4GEXymw0V1S8Q9JXpcVeZE-wbThnb5BwYrT1gPqym5hArdoWStEfZm8hZ_NLno58SMVOQM39RpxrUov66IKxfO_Iig-1XOqANOsll7IexE8Evi65lZyp8fVXo2EBHJgH6ufRsevM94TzXs08J0PSbMA0qF-xIIfCVHlBHLJwFvOUVDsM8BT0ox446ErONYRJWjRVVjDAcgd3X7VhFpkqzVXdUVr3HUQYGKmeNJ-N6bM3rXKFvYhR4LO95sgwhyGllliUS9dg_WNXXYIgy-dHeJw2-awTytfuk7IQ7_PzInB9CZad1zccKlJohEy15eNtBYWY7KllzJJ9AVnd97lLuhCM3yb5dsoIYsIKHewVZruKx4PwSbLgHhJX01QyJSPHOlf8runjJk7vXAjzLnHAy5xdbxXEY1DRzT5M_F85NfrA1MI9tVYR5jblbyMXTmrEHim05Jc4QyCNgetiUl45z0jkOwc-g3i4iisfeeMatY8Xx8JNp79HBzhwcKkKZIqNQ7o4U4zmTFuOBd3Jpl5UEPzCSBtGywo4AI4-S68oEyjDvlFiE2yC07nylSP_kBbnfK-M3QnsBHBRAF75bIevTSSESTiEs5F1fyf8kaQIl1oIHhKXjsqrCSjwhkEO2TsoxQQeV6zByEn0BHJX1mKqSTF9e9gjzV-NHDzV9i-nnbv8ohAq0jiMb1Ag8KzxP92XBFZ0FFYGe3Yywynu0JAv_eGH6-M__6YBFdxg0C48O6rnQw1nmwKmKNJvf7i4TjPxDmqV2pcZxnaAi78oDgPPgcs9isV5kW01fo17nIZwYRArUk3DsIi0uqzs5RghCmib2Ra5vhKZ5XDbFUSZD2rRdvcBHSw1gOp_Dpp8vi2DNi3VdZr_G-2WoXmLQlHVPvLseD6EnGW_Z6MlOSUoF46w4ip0FZakZeVMz44f-8mxTuD8A6TL0Met8NrGpVxoJJiy7U6Y4WKc3i8plP7RnMhDmWb5TxM0S1-PdSi9fgC8wXcjeLwJniUKdJilwbwAdVmZiFrfVAOz6min-WAyEBSBb9aeh-3Dp94RWmtcAGqBch17N8QE4Es=,Legitimate
gAAAAABnPSikTrDoIR4udbkdMy_U9Q3Bfxlz3OPII6hWRMfhw2X0UHenxrS_eg1uJB7ntYHJelVWMmUNSwqwAHvTG48firCIM-VqgQpFcrhFOKOyu6MLYHBkCagNLjGAwnd7XnVBf2_MAedoHC9ioHW0pFfueWw46MkhqviGOnTS-HwoCl1jxzGhzKmYXEYdL1z8dokR1b4UVsp9-XMM9AwXaYYVqjXEec6D2UJ-msLwk5P8fb7LFwKVaVlZY8D1IGe6TBE6JoFYIS5xPdQPiIwOzQpKJVT1VqMy_ytAqgK3zpYZvlqIz-XC-Fnfsh4tjinWFi91yaDWfQwnC8EB4JDEnAwEXD8WYnmYfSUjXlPJh-eZFEb521UtEmGVoA1VpxVEAGJHvJzrEePvHtU5JBxRaVo9BAnEXg-VNe-9kCrx_kjBCGZuQMnBMYb1QshWMg351-M7lwadhIiR4GJ-Ijo7o3FpVSoRQVzJNuzaFtArpZUkdPkKZcUU3ZMQ2i4_WvSw7QR1MSdX-9PtWm22TI9A4PcbRJkIS0jHebX-fsHk6Na8wKutgvfvLYSseJMXNYD7wvxDRZBKfxQmdzZ8sKPwDW73E1h4Mar2mVu8f2o3p7TGUy1Kab3-po_dOBao5roPOUv4I0CCrBzwgGy6NivOdvmNwOhfky6ezReCemf_cs3L6MYcEMI3EwMEe7j9mgz-aaXqd8Y-McCw_7cTBvNVADiVl719Fyg2mMrVnKow-UAwMPIo4i6ImyCMnmIoYfWX3S-eX-zh7b6Z-_OkYkNu28NZdo9vXbi7aG1VowTcTy30NhiEyl1kkKQ0E0pRnJVw3GyzT-mH9jMYOktmH_wl406vldlueiem9yeLQoduEFp_gC6cjs1c0bwRX-ICcTFH_pk6CVrnBIIF7wx82zJ4ltHP-kD9Qnf4Sd-RjDbw6ANxmIM69wLfhyzxABBi-kukgidl9mfMsGtqQf0lZ7B2WNGcFGhRcj98eAyR8inXlBw36DDmcJNxfAlY64SbxQkGAi2spAdfMePSvD0wt4MPUv9kqtzE0gApl7zRqU1-GKtVUlizp2XQ4WzxziY6Fyvl71aqlPUF9OLPd2mWnq9CL-wE2-TkWZ3hSfMurRaz0biEh4heyszoghEdqrg3A2aIIAHJvrsK0cYHQIcRlD1y36oh_PLIvzDRKRxJrD4qN60HBEN1d2B-DxiqzJ5hgWASnsGn4P8__yxnYexxRSBXw-kEdOEaX6CUdOLtF3kRcbiM-RvpTnVlEPnU79bnheen_lZFjqxvqT4u3myABadabaMjRHpY9zlk6JwNFLy1SODYr4uOT0Av2Ge9eP_GNyIk63fC9FMvDpXcfrGzKGEt0gxSNV_i4_B0mZTkffgQheHCEAbLIdo8m0g5tvIM2lqajrAtnYHLOwkHyIO_d4uNwscEpWRZie6CYeppDhHjEyvSp9P0mFKLPy3XOz0UI6NbziFeCp05-05KEdV99wn2dGtfnbvQ3gbkKNvTDgnfZHfXK-IfXheWokcaTnlpq500JmUEGZBvDp-Ulpk3uEbkNCL3WCSMi4gF7ofcmao1-9WYtiQiYuFhTGvDHpvWq98txBYU6Y6ww2-dzx_ZQE69S-Wuggt1snti9Ol6fFXw5XFr5rh4XdOPKTg9SEm2uoYK-HwsWw8uQYEfyB5N4WuP3amwa6Z5xtGvM86D64eOC_IRjSbvUPoB7Cz2AJKNR6s10lzJ8fEE1ty3O5QaOTt4E2YCqTTBrOIniyYYiVcPHwUBS1oB-bOjI2p03uoRderYLuvexZS2xWvk53smIuHrQJ7oHbKDXpfAyvp1FXeau1xnhLyGPjdUGvbJXiYrlm-HyaMFkqNRJoUEm2xtYskcMQceR3RNcOoj5W-TmJeQLaGDbQSWY240fZjYMXJ0-pLbKoL1f4rpHYtHYTrULEFq_aqBaBHMy0EK9ANm-XeP3CQPS059IpM3h9sqM4I6azBpiPogzEnG1FcBQggJTAUUOLA-GR70zrtHxN1-qIyrY2kAkcRZCPhJo3YAwD5tavQWZ7j3OYWwPBBBfaAMPvZ7UB0bGfe8Yt3EiJMNO0Qwh5D3PFoInHOjIB3DzBth7ycIqL80A0AVQU5BkcTd2dMYccIs0Q8hHosAZ_tNvq8afllhWSkGYTXwFuKFDtHMMKd7UKP7whhRsy-4yDVrbTmqVuMtk5953vhAtn-eq_bbm_KM75UJoeowghKEW8y0vR6Q7mPTcB2cEQbj0CSUjTaAxdMoio7uPS9VRbRLxgzLY3KbUgjFg1CegjWgozg0dYCw82tpoJtBMVDbolXVA-CA4BlJP4F5ynUD3uPHPDCFgha4GlTPF8cHqv3zSOoL9EvuzzfILSAz1N_6Dm0x--CSXExHsfQcywfyS_UaLyEtCkTFrKWxp8tIRTeqJ2OF5pG44PZsPoPYRJfjFgG0SFEpVcvDnc_mtfvOSB0A9CO8Qfx5NFhyW-nLqUbWa9IyMx06dMhDdeopFzEFIo99pYDs4b6jSWumENB89IYSP6AJWq3jL55TUdO5_OzxxBnt2-0sa1faxMi_6gHVJvdYi2U9pkVPp9TEh2un5IYuAMcIT9L3Z8gqrI5i6sHEEePWv-tvOQNrXR1VxPHfEZkYqRaXTztu7wOEvZQKnZgcyVIH6xe44Q9lcssWiEFSdxJEuuWEvixw3yMADTStkTkVOj6rex-IAG01VXPPznjPBfj3GVuh7sKwr4W8_5kf4-hy-nBUP-xwo5VXzOy68B9G36vZlaCoTPjPKA4VC5aWStwfL8edZwq5fGJCg55L0jGDyKd6PrXtceE_zdSUUrZI8B7e9mx988-zusD4NmFfIJWkYq1MH183WojrTJi3OLGwhLL74Z4eHUC3VPLHomE0lhm2lzWnAwLv0jbT3mjegIvIazauwlcNUvln2FT0WnfUYhdlAhpfpGoamA6pfPGduVcEQXLT70W2ERtlmi9md7ob3JplWxiLFkcy8I9LTBjZBnGdOd5AAYjC0zNHk-bNnhLrLIgT8-_-tRXJLTLvOxlgNhfEnzYPyI47adelKbVg_3j6Dg-zuJpAyI5M7CFwJdjK2ljYJEKDeHgdrzYx-ecmmxVtMwcCU8pBJg_E4KkfgZcqBqHfqzycCCbT9hX-qYLZTrQQnCjmhljS7wQ7MFphWcuFAIBizX7nYZfnuyO4UJ-un49YskClnJJCPF48wWoQFvaFv6LZOqYK22iitXrChw9UNnd2ww5mKXVUm73jSF6tD9tjltrbrWB93epxXfdNjKfJttX-Fw4ZH68OIt0T69nGDlVQ4lBtbASzyqbvrkTAdns4Wo37gNA-8FX8zbM1U7rR0Gg4IFbgCSxSbYEKtWUetGI6uB0XVccv-kr3mMulx26bGdB_CNwYjLGhc2Jz8bQ9csgcc5q-ob3JoviCuvhQE-j-L4DtOltjyj9LZG-IqmxgFIwgq_u9sLqhJFJJqAbW8PMQ2QCfvNMetYqTo-BMrBFP9M5bRz_CYpIAi7ZECs9GYRQmc-GX9iMYqrIoYA5H_05RWiNheszxXWmQivC7M8DBOekEaI_xBzW1bbSpzDkepX0nvFzszB2u-yXyYxqqnNrWyG9Mt3M3cUch_KagVWtsvG1SH1iYLPUS3SG8vEenI43orrLjwThIGENO_YhI2rMw7-EIvysjYaHi2fQF-ZkfNvr9MxYO7DUadkgU_76rbAJIrb5g8GWSXOyEky1fZrEBBb54B5sBYuHlJMQdFB9GiRE=,Legitimate
gAAAAABnPSiwmUE7gkeB21apMyDnTs0PmTEIhgtIRsqMj7Fbxb5dl9b8f6Nx4IvxLMxjQghmxDrLCDHVc7dpNpC5PuXezdp_7SChP6Mf9Ndj5k3DTcoZOL22_m28XXdKC5tFShrW5cniJpop-TBUppQmTBSgGYwaFOCrxz6rtmBgbdZbeC97-e35vnbll4QRdcR9BXRBcuLIVsJ9cu8VW5_8TPyCr_GbeU_Qc1LV7iv4CWSOy-MNWt7z8XGkTlm0Jwgz6T050oFiO9IVqOtC0kinE02UEZ2hJZO4szY3FvBBDyVmJrssWAm_0BY0GSh3g13_DsX3Tk_BxXsQY9pmTNo6vF230QXX4-lkyiTw0Gry0Y2ykIWSz_JxxYWZKaWtV-udRH8814BJvJAWo4ekInWx8y0bz3lbx7bPcZCu5EhLyBJVcDXyjqEqX8P37JfnvrevS5ZU7iV8ceJuo5LIrCiUL7t7uC19soubRJ3W2FdFaGFEba0jOULwmuX9asaDerDzWTMtm2_5o0CutmeHopiCrDxdLCAStw3miGrjr5O5QZBOT76MHJ9PcPfr7yFrrZJBAhAJ_myewkkodSmsk3Xm-efbrIhGrcExGP5T97A9hbXNXZW8pvK8znTWpe55LkxYK3mU0U7aS_GWtyYBlYkvdMK_rf1XRWS0EP1ACuJAtVwIxY0hqDHxFyvtPfyMfoNCijuu-F1PgwDoOYHHdXJ9-PJFwwqUOALQpEtopKhToTFlVfMLqiimdxQ5KMbVyKau4Ke1AFa_NUqWqG2uNgSRPEAY1BVah2IKe6KJGAnaRzu12lnfY03cjTb1N069vvjMoDfwWkJl2VGkR-nd6ysQKSCLal-C88mQBmZn7Szsgi46K5ZLxxWlHEdXBRzuwftcnThBCl9J94b3Ezqw7CqUVp5adf-aw0y31idD0p-1lU0f6aeS7_wWAinCgNb3GfT-rANkzP2WUexzLuzwtZUBB0A4MLrfuOzpl5Sn1Hconn7b2CL42J_5mGL9oqz-HHKIRNfwzi8S1iXSDM3RXz0A-AKfEWbYBzimsjQKYB0lZtnb4zyS7i0R_L8QC6vir1rRFuxqCCbI5ijLJ6VQgWGOaMZOTiSUenJ00eoATYoXPtT_Vz9kFbICq518oqIdnAIyU8aeRfSWkiIAG3v_SpW-898dg7BcMSI9x2Lhku-oBFt47uBtI1kZHN-mn2qTdMNE1OHTksZ8G7TfbZRxPVQPwOq39iixhWa8JXBigAbE6eJ7EZ6SatO2gAyk7jc66vDacYVmsFUUrFjLlppBqGRVIfCX9MGubHbq3DAHdxO8B6YfjEy9ZQIh2pwV1yd7-UrsnlFuqm38Snt-L0rEKprgq7qzLfF1PcJYIQJqUXwgR5PuCkePoIMYOK11KDMJ5uO9WAr1u30k4EBB1j5noZRtOuukMudjKDzsa6JY45L-4TU2NlciP6boOHosMPk4UfZUOBsQ6NGjfQcz6zgGzIIq4BoQdu3poITroorzeCHN_Tj21zqty_lugxV8H3_jmzUzeEErXaykcyxxOs7lfSY951TEZQvpyEXkvesA0PFIhYUhCmbS296dzajs-GkIfN8-hG6KaARiy7wS8PyuOHMB8vt0DdjsN_iqtmViEKFlbh__37Sm7bCrPk6WqpOYFqkkiQXubgekRJ_wp-9aMG9NFCux0LBn4TRvTpDGd43epjctCNqJ9v8M-O9RLA5TtQxehxDHTNzrxO9-trfWzd77Dk-_qYp5zp79K8tbok_pnk3cHbjSPo1vHFzackeD2OeZ1GwC5dFomQiasmGpOER3lqqU6EQ1u__yi697G1l0HcF2TJwlZP3GsmoHoYwIRuVIY92WTCDCorIMATwuZK-Kypj3CpS0bJmHoVpIjvn2JFFdZiBCdkMgQnEEJSKvTy_sOe7ioenFU4f7eZdSc5qFkkoPiOTyBsfmjQ_c8JRenFujm9XQTqYoC0aGYfdGv9HKk6CpmbB1lr5tAvpHKzCpywZ4Cw6SJWeQp4rpnO1bi--Dnd7Z3IpCOvMUMGgVzJegb1nXhZzLxiU39YEKFg5QGUOWVA35JwV293z8GWRT7p2OVTyI8zjTpi2CcNMpj4E9AnpwwW-NUaBZzcA_6qjDV_3IQ9rajy-Z7cVPRlbOGJF_wf5RwpcEEBzZxEmTmc5I2GkCXX6txSFUX_6UfegpCpTHB7za1wqKlMGWaqZxI5f984mWgFb7E4Bx5RJs6y9dJPKaoz4b5rV1LoInPqd8gtaCHxop1JYKNPyW3hT0nv7g0FNo-FyLX4lbHk8FOwtTjYYHUlk-VnioNZMDs4rzfAFGcCRCV5riX6klrSBhfZ2hnCk_0bfJPsICO9C4SEBcwN82-84fPXi06LqkCcaePUmmXOCDSg7OKdfQ7QZervVCxg9mMTSb9z2zfI5IMnPWkI8NP0o1GB-k0jNvU1wfOU_2Dw-BVEhBtRGzkaNqEwd5kKFvxCt2dk3OTyyCam_zS-Dm_49AlyXWs_pXoMTrH-GZ8Qodqx5rWBzcf8XdOFG2lzNNyqn-8cUO_x5aLxoiahYUfi4yRRWvuspYNCF_6fuDIvOedJuJPCieOi748hw84v2vnpGt1QRF7OkJx2qSckwXUNmFjUeQZXdCr-2burGC9i8q1G0Knor0XdpjEnUZKGC9ku9OSmk29Nmrx-Fwa9wAQP4TKDlODaqdu0RQAGWHw61H7LV3QvfTCCr6EpDdzVpWsDCALgm2hbAfZg_Xv8WBjPtNrx5RzrP6F2z_V34ou6W7v3uQWgbeGRxka4Tu8F1HVEKe8coubg4_3BFOcYz-hJDSoJFXQuzzel9uAaVmFHO7NpMSyliYS3dz2LXYPo82EbIsRAd5zC8sJVTdob7UTHzl5R1k6ewKbgN9-IkcYhLgjdt1rQcBxW7JBtJgGrzzh_FBp1CxSDQYYg6LCJBTwwI6y7TZD_faYMeVSel8SvtVjpCV00hIHQfTySGOXxTIXSPeJOswb-CAGZ6sYdTy5fegseoXMm9m3Tcu1uf36-uCu_owAdEwlxC_mui1J8QE8YN-RQ6my_bt7i1kxwNrvf_8o8nY17eFRfWwYVRlT6t5WvukAkNYPY7Mg3hzW8IM4JsDzUO42aBiuurJGj7NHjOEYS6NkcpFHJKPG9DtmJOUfH_oOFEOvTPPAdqqfyAazf202Bn0SkyeGLPKrWHTstjiOoVb-GUYr1MiojwWcbVEqCY5rhVhgBe8hIEwt1IS8GA2r9-2GLGQJrhQbY1yZnqSlaBsglxTQvzgim8bItqeLPHh2gPW8zff01U_j6WmAJS_1dUbz2F1oEOv0-3UQHNbQpl60i21SYhc5YtaAljs0Fd2BXW-GuJawMGAMqPnvlQMm3QgLvg9fVnJryzJvORCASYhgVEwrgOKBkzoBnIyYVM8TKnGG6TJWdAb0nCL3NBnQboOFGS11w33LNu4nukvTChHMrdQ-s4IgHUu83LZxn0cwBp5Ha3owvZny4IZEyrAStck_Qov-C9JCmTy1Ni0RgDISnBVecnvbqNr2vaVeTVX_A39V1SmM4eSZT9C7KAG7kyxn8ObITqgOIgz_ILtxZB9RrlXNsYlUcEZZXwavmLZ4tzF6ujdW5vQsV76Yvw-6HcOQz_tszCIIZMfxjrKKqpP2t-sENPmzS8umSwPC-0yLjDZza0ROC-aCzmLSl2mVM04Z3cZIF68_Uli09GMgwHmb0oMnfRh-WZ054-zG5Q63aJ6cWJ0fmZSaPWd2TW5Jy0NMK4NA8XeAqYWeWB7ki01TeyLpvAYY0N8Rg-SyGIaYkSbI33IGDK86FxpIUDkMHxVJNhpYBUJcNqKDk6QZqbykDJ8rerHUBMVXO0_aE_9RBfOP9hb854q67V1f_WooRhHAB6TEyHTdIGLl1_mBgrr0dNpMO1zh_neapKclnqVxnC7NZak5tWg_t-V8DIkprpvtAub87HUVrLjvFvI1kr2dU11IiM2yiXtqgYiREqp6pVmaMUqsgu6hYsAW6J9bo0e7ma9nPyL7tD4mFrM3vX80PpgCpVPJfm_s42b0zVPR5ZOqaAnsJtuZJs36SKK8xNUtoj8etlmiD5DeHKPYyTxpY4islhg297pv8reUbAeBU9dxQ_xojq0CFAGoxx2TO3g9tsGcpQbn3V7_i5KE1rFwSaq0knpXJ_XTnkUI1dzZGVP0Uwr99p2AwST5-TErVtB44A_jeOA6s2oksdCVZ3AwEpbL9hw6nk_2gB3tiHbyO5CFTzGn_5WpoqqxwZDnr6avBGhs7Z_YL_a0c1ArzIT4Jt44dIvlbUcmuNOwHKSqshbJ6EedkW0BLq8mRhAB1WLrrBmv3bXUcpPdv0QkF5715JliX7lHD5ucIzXO1iVh_aF7DpgBbWoTFYQn6jHoZ-kDd81PlWrm4wHlkNzOoug2Bowp8T8BMElUh3I1bMtPPMWSuwd05_F3Di9iOAZd0csRiyLWJ6ih64nYFmdrcNDrc0ewazOM9EJFehx4XGic8zzFMOWe30QJE8mUbWPCUq2AMOzrqWvnyHd16Shsu3QDGN_kCRX4NxHNqwb-bOhHqFqrL6XEepw2QCPOy-yjsrhQXxmOOSI55-OubNt_dZY2fzWLyuL1ivGuhb5ZHqtXWqc8nQ9hA8hFkgIwCJeQtYD28PfbT1_4OOkW5TBvEjI1RmNVA5Cj7tLDBVXQB0gvnOk70WYIimgX3jDta-57sYUtABhsr3eg1xwCnBqWeUnv1HJOSrKYd5kd1wXt5uJIh-UWrbWnPZu5XMV-9I9TUNBiccuj7esm4j6V_qqXuGU17wEFDGKxsWktmStTwQWNBeQqFhrlHfQ6A9WhZIi8Uiuvn6e6PyasWp2aSEQCGe9vi2qR8dFRkQjbvTXaXjRE5TjodDgMfT5K90IdNoji_w0o4Dat-TnurIjgAn-_hppFs_7r2LQAKXbERVUcs9Cr0Sup51nPa3RPPqdjMxC1lt5C8QhrRLx1sxBmVIaeHPVC4nCraBewZHFyI2QwJ0k3slXdLnwo85dfgDdpla8azrbsE_5BL-3YHKUnp6l78ynurQZpPT-Y1a6TpNhrIz0pdg4KRQz_VMkxtwMsp2FXUqi1tVrkMt-_-s14bIMgB2BWalWfAIX_5ClIEwuMaVvySc-MsvQsLLCL5Jf3dk80dFby09xFHSaXg9JdJ_9c8c-AzQGHskRmszIo0L7tBpX3jhEU12Q6raGbYvxIJPPjLpjc1bqpqtkbH-8y-KkGAEAGt_8ljcq6ROU2z6Im_52ooaWlPVH980zbz8aepE7P8m5YyuKpV9RGE73gO96vvV60d4vMHCW_xATi_l5K8pWPPfsnKoVpwOf3w33JyLMZQxrILbcaa_C_wGfN1TTwB7FCi6PfghJROjO9XfF5HlOuLdvHBsZE9HIlP9jTeEVzxNkvZXmctwpt4JLJKc_1lkbAHEeEf1NxY7GQm78tJyUz87R3Di8eOgLfUwF4ZXyRrs1RhYAj5BrUDuL9HSjswcw8bnYbML9FWPJugvh_Vi48V8Q7a_k6P-4JBHHo_eG2c3EhlqkFrWjWyuoJh4lt42oYq9FLTUCScpkuPGsgphPHGz4u5ik01IklWt4y8x6SInjdvjzCan89HGkBwxa-YrrYltZ7JHMJn-wyOPZIxdl6azS2J4zpmv1eyu4ig4yLTWgIOjDwiN08EVYrSevHb6ab22GEeEcRZ0P7MkvxSNhzhusEVo-bAZIe_PLOzpPeB0eKmKjKtH6qwKO2-5Wo0m4RA9FU5k9RO7NvHMlwyFS1sScesjy5o0eUehTBpqm4tULwzMACGN0cl92OUhOtGkphVgMHgbKeb6dXArIe9asjeYssPDI9rsS6TpcLTZBFDpy-Z8keuMWCc8xctfuwq-bRMlcW-tAjr7UQ-HlXtnDuiENgT4ZiP4Ut0s9FieHCfvMSYR2JhxeWHUQN8xpFuvDQH-W8M1hf7uXkKXBcjz1yLHo2WAW8seUyiPKBWfBC2j3Py5LN7eVXr_1sEzY_BLuvrNe6RVu4xac3F4XfFAxJu6qtBKYaONw0E_-Edc=,Legitimate
gAAAAABnPSi4NpXapXYP4vldWXePvQII4qBkr0BWzlzmOeNMWoWlI2-AXm_0wLJNomeRsef09S-U9o6KAVR_IYDlVOzL00HqmFYVEfEtFDL-Ds8dg_3ci9mcCOjRR22TOTyS3HOCHTT-fO-8pPD1I--N7EAjpfd1kFe90LMvWARTvvQNT2I-hkVnUeYKpv1UhJ8VdUCTaYtQP4KTn-PXKYeHm5wr1ifpHSJ79CeHKQXcPBhsNdFCzFb7qeqy6oLRouYoUNv8tmibQaeUpyQIquZhNTvgDREefsunDfY2uhPYSUAmRkOrWJnWpVggZtAHTxG65Nwqe2aRjtTdvyO6IS9WabMsPvHUvmPvXMApPKFZvwA9bsGwAdakoqucxszlSgv7Js7MXLdBlTjUAGo0XCUXhs3YiTXMbDXOZXy7pv55_lQ_QY4pbQLk3gVSwXpQdKZDr_XsTLBBgBOrk1M7XP1PgDbLNXtRA4TiJ1W-47FNmwt1sBaq2t8rIG9srm_83YDab7sC1sJtsAfm3ezlmXKW5xYdvBCbOZ775dLMpihYjrHFOzYbAPoc31mfReBNvZ7vRqw5DuyzjHmyvXYdtrgg5S5zWpfJkI8BrDleDmxuK2LgKUP8PhhvzQXDzn3Ew87ziFR9kPrNeAlbnVDl9aYqfMjbxAHW6l--BVIpg49ALU-WykqukAe30lq4UgMFuW4Xn1wxw7dd5Bis9LKeCBXtB3hAIsptckEQMEHOBS_iz7jkUmt5O1ioM-Y33wkI6NcofyJGAi-EBSzwdAVrKkIyyaQ6Oyt66nCKffv7ZrXJB0QlCBaO3r2gxiT1ZU6AVlsEZwLSl09zsPYSsCHhcvCOyqYhrfx1BUWzf35mhlWH0bOeTABqjiXzfbYNxRFFEXjtQt2rl1UUisaI8WwFBkoqlM2SFwa26N33kMcDGH7vi0cJDpN2U_txMOqgI8hc5UU4Qrp5--Vrray-Mjc8jlKbWiwsPYwDip0LRouBgSxCpTafN2VvzJGlI-1wJmHRkVOsSWg9IL78BKy40LVVmXuSe3XsijAM6rOOvmtUBynMGQKGemmQSSBLoBgha3CSHmhweEDMapYhEo9occrOW7t686wILqv5BkrZZc2gqGnlnI2PtxTjCVeM35SCNs6Y6GQzyC6IN0eqsxs8XfOeqgmryYtIBPWusIxOSm8BtJjAOD3MafviG3GlzWvOVOKsPNn-wyMIm1ArkwHKPx1QayN2jW6ZZPrAHYmAU8Kn3ZPftFL-CMtL8mh7ySFo2Dz-6IAMSIO2CwvoiPIAeO67Hfh--0vqi3kcV8CQd3Wa1s8-P_4AJLcQi41H9P36ImES6T0K-wUTWaczXAY8XlNfY9cc-Wr2zveuCQVhUXnziPBKzkfIfKrfg2KYJyIQWGTmFujjco_0M2YxP97nPbxyOLmnhQ9qDGuMRMluysa5dQQ7Af0InerCrZbYNww2_VmDLPlVyPiEhB3Q6CiJjgfV2JY1nuvxqJK1L_YY4fLmlKN8ybjKX5kc79DIp5VPOXIQ1W0J4zQwEG85J50juhKWhEQz9vIczzf7BvCANQczrWeGQAMBVrUxfS5VHLYBh2F1WJvQaSnGvYqDDNe9O3yochgWCGQm91Tola-_hnAcf1ghu8i_mCDKXjcVamFlARGcqs02eSDi8fqix7ssCLPPyTu_Pkr1kMcu9uzhz6LARmajlDSTWfYyc8inlmoG4hRTM-qgJ1eqJmygFBmCMe71vJEmfehVGKrUXEb7R3qSDDt8fuTubUorsuADW3Ahf-axCLcTyVkgl2H0LnpMr1GYCtB28gwsXrIROOFq4mn2nASV9bfjHqGx3EqkB_S942qPnLWuGIwhuG3SIFE365H4I-546BtZ1ZwTODmyXWrlE5L1FKFqCc4oJpYCQ06zb7hRF9ukIWynZTfJ_0bBvERCCw78NgEK4Ss8YFdibuM2xmt34nSCOxQB7-U_vqaJowBRdYbC_fI2WxYXSZfsKT1dV6WaWDEKmgJRuLeh8UitpPJzFksx-yPCIjI9j13roxpOVVeZUP0nIYfl03aCbeKEv5R-nkFdTTmosbkazoG80nuWnkVGWlMrpxI=,Legitimate
gAAAAABnPSjDvB8oba170Xyrg9soVg1Xe3Ei-qcuiYMVLWiN3FNBZiAxgsXmLdnyAlPqbHA7hJzKVd5h0lpPGx40jq7cigLbgwc70WtCgg18nZLsVjB-SeZPz5nJVNUiSQCpTXLt8MLS2pQVkjB-B9n2Kk0hU4WVODuw5LXdRwotjRIHY0qo6KajAhlrnnRygNCkEGu7THYkad93IsbCSfary3o132TqH7xUBwfRyf8TBqoP4tIQpgLrnyZHGH6Kt_mZgSUtyB50zxciYTolCI2PyqdtObp0i9EjvuP79C8yWswI-cGuCiPwnC8cqS2eKXFzw45TNcUEo01EP4U-MXpIJHEkS8Ypzy3SHoCRgDoosUEc5GWd8FeYNNmJncdR0IH_PM3IjmblJvicNww0qsm8wOFYdLAvImGtX8V3SJ3kH_2-Ngw8R0FFBfKS4Id72SoeMgpM5dWZHehTIRniTiisc3TMFzDSJy9-nDoyhi-RiV_S7RYJrSm0LgWY-gQVa722MyQ00af_XaR6hdosSKZniSVAwt9EAz_5HfrK6cweD06Whemlcc5DycoWX_4HsnqKLEPTiymD7AOEF3XTqbc5IwT-97uLf_oTETYJokP-mxPcY7nq0jgpeVpPZyy4XRjGAa0-oVmqwZwA2UUe5eNbkGcEHB_LCQTRoZpyCdt6M6cC231Jy1ppvcI8Pbx8BvHUCWlFW-Y6sux52YRjWeGdboMqKNYy4oT1bglam5-Xe5l0ONU63OMNROLupw7l6STq-QZIPOMgiEzGxfUc1DBoToLsizg2CYmMLqZwjSYf4L3nIvF-N3Iwm4wnx_caEQFoL6eDv0RyCKGyzMGlROdcEH7vDedKRW5DOoG-ieqcpsDj-QIto2q3GZO3O6f5iSXU2Cfiu05GJMD99FqbeCTxezlgveua4cQYGKfc0nPho8lNm31ZH4MZ7l98kTtvBfhkW9L10r93-bUzMRFGa7C4KcgoWY4U8bjrQkBY6PF_synuFubCZgnPZGV_KImt4afZD9_cmm0Z,Legitimate
gAAAAABnPSjNznfP0VxR36njka0Rv1Qsdfg5ed4tHJZhRhLiLTFowlNlY_l-JrY1AC22FoCtuYMhNlVE_U1saLuzlZHwXFkMlKY0g3AxoLHeT2EIQ01fovxpSO5jkn9cWCsLlh_kCT8GERywkKgJqjTgh9t_dO3ljBOpG0TZ6DJTk8NL9Y4AHflycxQnie0TtU4kVL0wx10-N6Ksh_Xzb4LnFaiqFMPEU9yCR3yTj3u4suW-RNo4lkS_Y1RfUoaxq0AW4DRoUngguteT4UkRYkUyvhTXmd7B-W1zY7mtY87-tDM2JNXvzlZDCICbcw0Tun7FehY-2ouNbELsmR4zsU8KY0Nlr8vSoTMCC5mbmt8TzijkY5rHjs7-gWux-sYP8mUc1UhlEdjF7_ecxjMMBjTNGjErED3SzLHrq_gjbCEZI0AW5ruiBPNttOxC345tN6mj0bpLY3mKELfB9VTVRPm80BA7RJVkYb2c_GQ60Oow8E7QWnd9V4bolgvCjEQJuIQvM-WcMOeG0PSLnQikzo2JHKBJ1RxY6oclxs_jQRxjqpp8hWCCP7WS7Fz5DsAR7oNX9D5M7_N9VKVShkViEGgWHUNLxj51P8HeVyUkCE1LmraCJHaEJN3w-BGGFV0yWXFpQFV8DimrjxkNb7zTA5xuDjTIozvi42P4WqCbFmxRx8muAGpgO6AsQ9jYOFv4D2RnCqxkbauDkASl2C2M6Tt4OBAx35L5vE-n6J20FmAo_CG4wMPuyoziuQ7cHH6x9ispGxu3g8kQ_rcBim1PLt4_IHvbM370EG8gLKYisz3pPSrDnKv-5DetVnvRKpvuMt2ICV2WJSafHhVEf-yPKcAUkxTfxM0wMO1KhWTuDzoqhsg-vJVvpIUYA0z_QoBgYa3GtGVUXnQXvK8S8Rvl-E5gXgHM0lnMgjowJ9NnuT2ib-NJsUvaybEGvvXSgkIGpmBXfh53ZgI0tvch-KnhEN5d-tUAOsSXkzyxprglET5lFPDx2nlkpFei4AG9gvCHlcPwPfNkTR1_HN7T7p-wiyaEPTnKWcut2frEbUeoz8j4afa7b3ea4t_ILhUKiNR9dkn_yVg4LVsgiJcNQkE6Gyu1QPVnfcD3x6WdvV7Nd-U9Vge6QvgKYSGJ8H27wpqBPyxJDe1Si8SL6q1Xzt0MUXGKgf_QKSvh6sTeugaOPUAO0qv2590P7KczeMRs6L4Pf-Y8CBfSaqjGwZ95QHYQUgG2Hjgq9adk5kT_HK21fAj_3gL-jF8NTsCG-on-JXg0v_qHDttaiXbuQWUO7WzjzQe3Em_Fi6kI7Oln3xauyRLEa8XUVdbe9mJAzgXvFbFgR7xAeOk6NEvHMUNY3Zl4NEQL_dPnAGBbf1qI3-7i0kBJ3cR61Ymm551oQzqnzxOeUkfqZ19wwBPxjWP-PZXW387vYTG-ZhLK8CRnRUwOoxm3BVjNqN2R6OBzo-iNsJw-N1XjhH806wAEpZQzpoRZ1ezSFzqksbrX1uDcAP4O-OrDBGoN07XElDMnC6BzPw-gPclhZHFx1pAvPRSEgGV8CyGCh7RSlxtYFBFHIOMYYuVqt3VL1N2bOPclLk4M5xf1vDmTm8C1_BSM1jf2uU9f3QOgJ_z2uyliiVwzvw6BzD28IUhcvoule03lTs3WhMCL5jJdeK2scTvxKHnrMTGuQlnxL3_21JAPQ6oXcoGHoIIQFQaGxzTDE7MlgbJn5S-9IvGoFWGZCDf7wMXY4T16iARCOhiY62p5uM_2sEsHYesZKZ0kkx9kJBwGAAx4IkVusvE0ucAIU2H3hWz5r4WXDl0S2rfBW6oNgwAeJPytiGn_WVh0kl6pLFtEi3pjtYNa1Du2BVwcWjvJOjSV0v-Mddw8hlW6hswGBVlVX9BoPYyg7F974R1uCNhDS9ayIQtHRKHxdBNaVJ_ZyCEYw4TllcfnMpbZlxoIUlmVR2lX7DrPsstL3awEeQ1c2aZ2IR5zUpt3pcsJdQnpra9KYo5auF3tvTLFsp8fkrdWY-Btn_T-X4i22uxI-79rYYbMZr7vC7xFi_vnLdlDU-ZdtJcGP_VXSq8MJZAwJaczrbsU4tuGk6XJGdidMYn2gXPVl_hik6nn8w4JCs7smAgtpsFn8t7M-FBK0bbmhbCI9I5J28B_LgBy4HaB17L5MpgW9rCeu9LAY8bhH_Cb,Phishing
gAAAAABnPSjbj45zALJtnndAuUeq2ZxLglEl8vgxONe6CfbNUqjFtDJ9um5_idijWSaWl8P3I9grd6f8RMs-TS6tVbIqnnCicBAkltsEIN4l4wXKMkEerSo4OOsEQWOIiLJV8y_amMdJMc4BSn75SeKgq42aWIgyQ_02MISBYbho3naWGaPF7AfuqyluvnSnPo0GlPfN5Tn1hRIjmDDQBaAjmdwnlsc9sWJRvPRdeybU_MB2fIj1tH30vuWbczWOx-uk2_ZYgkuELZIm8ijMLNt_U2Czux8YYlb_FUCcvMCocDyYV7kE1v05Zq3nMFWOdnOukEsntSSS2Wn7yqDLLwCey9CNyEQIXvjRqbroxM7SBKda43CMyrkkkZiI2u1vS4IcTIBDtm9gO9jVXQ-CMqYH7O6mJ34RJn3h7Xp7nqwp7iOYh-4Ex-XN2DAcK1YbFFmHs04J7KjMUI_imAGicOhL6NZo65SNbYM9fWGlACUbXR34YTimK_q0J21oXPzGmosTSSPnS-m12Nq7zhW3rqoB5UoYZWVk7li8PMVsxqxjAX6zorUwoWmbv4HrIUyX06MYFSHk_rsx7_Pe5fJ_9iZqxZyVi5jRdMJikv9ggqHjWFo8MiE-Cnl5tY1AvbNzLPXKCVYpBg84NlmduEG7yiZTfhHUAM73lMRS6YRHpcf-fZAx9yPJntHeFYOn5cpaCWjBn6h6pDNAdMa4P_rm9zT6AfkQUem9kBGkkAY3eKBUcB6WxzDoks-9OcjekiuIC0N1Mtq1ak0zxwjZpVhP9Pz8IbZhwUaTZ_BR_Kx8ibIpP8bS5iahTmgyH9oZXYf4YcjhxHZ47tw1P_tNzQ58_5KcMrX0gLyNwGSblD7_51GflH1qlGnprQ50INxeNQguc8p6qRs65GR1pCwQKE-yTjHZuOE4M1DrAFbU0Izs7WfUX3mDwp_IX77-p-v8Qtk79RkfprePVG8yFAJ4udyshy9Hf7PKLBQw54HJpUf0MTN_5fegZtFra6_CQ-FZX673ZYYlBiZ11VVc_LWED076OxyQshEM5ABEBTk0uHESPylYX640rBc7oucq1niCOa53mZ3poUThr-zWjCE58G_j1Nu9wCiXDgH85ONHYV0NtdQmXBUqYJBq0M_S5hWaE9PC5wuqCr5kvlJM93DGrYqNyol7ub15zMwA_t7hkYui-Bewh9UnDHxk7tbv4rXrw56hpG2jxbJ1Rm9Zx9Oylu7cB_56Z6VLI75cCpCoNCbnVbS__q8gOyTHAFoukcU2YI_sPi00lt_p2EaRYRqELF4Jj6xlIzymfxXoYEiy3X34XG8kxTn4Mhvg_iIWIzaMh68zbBYK_0Z5fT7xbtTy5A1WTLnCngJCD7ocfkSs2lpzw8zhzX5VcJ70wQRDnh5DsZmBRZQv2cVIuOSnp9kvtdwlaf-xRD2afSopQ3GUl7o--8p9fCA4B79HVGFr213TtwjAbt4mEAcG2Kq7ZYCF58ObFlw5UGqp6cw7pjJJJBBavHRaf-DXHZN83JWGPotQgOSImxdEhYSLZt3Ju_3yCAcmHHdyf0cej7kAszK2vGM4_F3HqwR8rwDLuXGuwmizeG_CUeFW6PfzYgnK,Phishing
gAAAAABnPSjxYAwjbVFNgXYaZN3ldous5P7cmw9j6kPZFj76hWIMkAAlUIIkRN93neeI_9UozuCdNu9HwSFwVG89ah1BZzvYHpiRKdrdjyRmuID7lS4sSkIiUqYE8X9iuUUL8aOyA6_7SLxVsnybXN33d3WL-kKcQmIm9keTbWmPP3oeXSbGunRN9jjZWbIl2IT0w2ZA86d4gToG0eH8Q2YpmokQgWDJsEQUSc83ysaixqXa2F-4XcQcHDiHsmbaE8YKPeBL-BqAon_maF0PZBb5CPyMDtHFGwX5N9ylG9hUosMGZVYlKISkQ7VkdszAzBzrrHoBilLBbWicYan7cfE2dZlvECcoynxTySE1ErfqAyy3Uk81-r0rVxobyir0nqvx0sxXU4zGhNK8VFk_6it1p6P9fgONstVIpRpvfMw8dHQoIAXXV_5QZVTk5eNXZTNwKyO7gVE6V-qD46WyRODZclVNaubHy5qd_MLkmlERjCvJ6Wb8_oqmjinRM9kdz7UYi5FMycjYb_jA4kYR02UfXBEjAFnvbK7l2UnhtVqNV5Hx0ZQK5tq3B2GhGt94Ga8AwU_1MvePiBeqNrzhy9zDz-KxqBJMxN5KyaWwz7MWhUxOh19U9_5NpRPL30rExepd2hJn9lVxCZeajv1dBc1OsDWPGLf_npqpqLSbUMuDGiPYl8HyaId8XrELx5mu3OQqpDOiyCQrmFUhkvGIqt-83Od3c9-FU_ziFto6XyaoDjB20AHTAka4KWDjI43u6Vpk1srli5q1iAhe1eJueGDsg1lkA1Eg8YvZMMn_e0C_NrgkOyTqoa5jp39hqCvJZZSTZj6OjVrd6YSouKmmQmLAe7hjOmL77DFRxUTamlkfLMu8JKgZ4OJI_G2r7RxCezKWCdBOpAW-YGv0np3gEmEm6F8PxBcMLthQL7Vq7yOW0W3iYsh4WAafbicwrYq_h5oyX2sCE1TJ7QiwhgD2HDBuWt71OFGhZb68BMSWVFi1Tjz_AhU1iGaRJwQRheTAlf9Vx43hrIeFDzxbi9X5yQSHfBuuUPrAcwyXjYtdkPG-HnL3Q_o5F8ZdVsyYGu4vlSikbgbuosiD_PcFKjuqOsjWaHS_Omn5CpqvfdZgZeAE531bl2vl7MZdLeDHoxHwuqDLwcS7UQtD3Ex9O49KLuB3eRexrYULXFyg-xyQQzTWDGgfW2orQ_kr5DwwQ0oyegqwoiZk--vuJvn_qT988hrytAsY-OQRNdAlCl6FKmHKvX9MgYtito-acIFZ0hFcQjBKtz5Erk-JoIgMnVnkT8YN_zDNKSp6Gksi-2MzOsYWnp6cykvgeusH8l7Cg2VDFH0eVN1coivOAw-5g_3fw_zQCyvEPIlHcy8F7X6VDWKPauG0_TR7DFXoax2SdEWixqHcYGo19xGYsZt3eIdfFccA1xBR3L1gXFkeEyQP9XZJIMKz3sVFgS95xlNTJN1caORPdT2mY73g56vqJ04qZG6Mrawe4XXwqaaXsUjciHtEvFVITxg-AI-Ej3o5kQXYfJx84gU8Np_i5ZKu5w4fKPy25nBkTgUOa_3UILvULnCaaJrrNc0JmDSna3suYegbVowlAYDlNUpMDCDHsTQ2YSqVZCmLJHp_G1UAoXiEVdecJ_kNJ6VzA3GoOYek3zJn6SZ68pD9jOwOcIt5faQiTuYvhDpo0IK7vVydneAEXkeG-W_Z7RC5ahPFapO8-R5USAwxziCpALdttlKzVcEWX-n1wwXoDFzE_mRtpZrXCDrz7VfXuRqVIlcOFfYBXkL9aAvaolLON8fLb1ByJoFGKVsODeTxNIVmGFsnt4siBPGA79t_89yQ6pOWrjD6tEbLI9ifdTO4zEyOZMk0rku2MfQYup9w0CSGfAJAuNGjuTc6XZi-YiYqJhz3Rl0jnnwfdvnDDKFIPIjeEXyAQ65c9K9AEDv-W5gGLHYWM3hZ28aydvuyBe4WVLn8mgj463RNR3zWyZGMRdbpPw4JDyuvpj2CwsmevFRkFAUGg0xI3IU5vj1cP1aRUaWArwVd05mAJOidyONRBC3pcyeNdu3ZKi59M5h1Wq5mHXf2XlAwdcgjVr1pc0lUHCfDtcnSfxuYncUoOtwTI5hLQXqi34uONrViEesODJgC9MGxBRF4LaNA-DlInos7Grdc3B4TGbh7tLE9ui4CGDz3V9hZ6AzyRgFZ-fGn1tiG6e3lCTp-YFDUBHZ5gi88p6pAjTePOVAda3L4BseHhJMSjx_4eL11jCWDSZZH9JUVtxQpO-RBmLpx_IgIt9-_Zn0YRH0dNpaZkJZLlFy9bQknmBwKxzFpTsmDy5Un5HYsNA==,Legitimate
gAAAAABnPTFKX0-UpEqkNWZV-K7RSPPi1fjKVS8QQJ3OULYrzT2HDmajTakMt3yu6XNCT4Sq43RCuRQ6QC5J17nQHF8vmkTBFJqD50s6SZokxZItX3b12F_CPmyWCNl7xVyg3LYRdKQ-U4Tl7Ph1NKsvBBBaUg9Br0lfTEuWkbHfdTs4AujnoH8yzuSKN3LM_dVmevvfgJXaoNvAFzrniSMjuFnPl4hEXhp4XERfau1feXGOTPzs-nN8bBDaTgLo_DdlL22geXRFJeCghGjyAjCZ94Ntt0TXhd-HUoMKMUvIew0NRIqtUiOVpaQuOYBratPu9tUQ15mFAAtvH2vTwMFwCAbAP1RFWzQO7l1MlMR2Dn9GibrI5cMghQRFQmPluX2T9KdmSoIes4c6kBhSoDCzXqLLUf9eK__YdYo0mIS1tJnI8RsdGrV5FQtWgzb4_xDR29FE6c_3eMfPI3PTKHhGcbDxswqDXdWjp7Eei0pf9boLjNwI8EIv6pv1YO0XnYvcglrDErft-yLNRAN9Ms9_5wVlmyXt-XwXoN5RvUzSX47O7Lq-3DgIP_9XTvRruBfz9ed_wq_c0spg0IeAUCd4i_i6gIhBtMRjYMaB8RK-bM42UdTK5MSKRcLpnQJCCqqajzVLrqlSHl0zP4CfEVxxS-khaCqDKiX__8qptU62eq3F7ik1jIhQ19cvgKH8bfPv51ImPHwRIoRDgmzuhabO1wii67Ho8-e_aVgdlX_k7l_cban3jKThXkP8aFXXQDvm0o8Pn6qMlM2tiepdxhOd6uy42a5QzsJYFf8VrxLhfXfeHbZgHE01vcFb28uNhs9qB8OtlzoOb_sHWPE2nZU8rIFRi9FGTSUakCFNAa9tBhk5hD7KImmsgxQDxFWgMdatFlalsO1LnnY0d7RScZsLm4Y0IKnMfWLOpMiUrI-C4v2zNCLCheYqQ2uxomXBAEbWB7CNCru6GPUHm_CLmiKCi9K0mQJ0atarqWFSy8y4x9BAmapkUUYR8woMtY3vVdWpzuc1fznKn1b6GhslmYs3goGFpunXdr_Q0EZy3nA7oljBKxDrql-v0EjRKrKEoP3Q4iFHzTn-XB2oPNfS9XIjahSJy0TJKWXhITF0OL9jxpK7gFSKhY8Tq6Z4aphCDZHLwIDAQEooLdzAWy8SqlBjqnfIJjmA30ou7-1C_BEHJshI-twh38B3ZjOOQN9_asZbPMxzhvbmhrji395JM8tyyxa4VfyIBM1jO_D6H6zZSJ0iwEGeVqfsGILUPhQFInk3mZ73Z0ivOI52SKdBilNM0AlYWFhm2taXqqnDKyweDYdjES9en7b2dwSF_4YEvcwKwifEXL-vfbisEXhK96YVpihvqAa2vFD_OhdhGjM1oE0MNuSHpDTuMAk7E7kuUD5wLQPOhcRvbDWChIPIlUIZAMCdgk_GrMrOH8JXmR1k56bGluHcqzSyfa25fG5ep2a3j1z7cMarc2GRnLP0bxkzQEhGdmGWxmDgmKTm2iICVtRVWPsnTTZbwk_KnveTzvU9N3VqtLsi0XKDqpgAmASBZdgmOefpHPA-Mfz0O0aCIHQOTlcdI-GHM49wldCsz05f2BDCXgqBWGqGIVJwrN3w48w8718RVrjONERdkiY5hqc27jtaIgf8codVfNrRcUslK7-jrT-c_VogLmK78hcQz58fjADqDu0yD-SXC6zvKRZnuRdsoik=,Legitimate
gAAAAABnPTFRKCYyYkWgw42QMNQXo3tbx8acU_qJfOjCxWOtsvS5uaYFNQt7yOR52drXmRfvnz9gqGHl6-HajuF_G7Iucpplgya9H1vN0W1ywxX0kBQKvjN9pLChjlqMamEKXXRSxcFJ0g8Hu6BixtFYnxG6ZgS4MLo9AXmrWzgcMgbxdS90ZR7EX-G3Qk9SHaknUbJ6lsP_A-JGfM6GygtG66E0ledwLs2j4njRXpNgr5mH998bnfJIgkXkBLr4bbNQ6U09S2mjULmqttubpV8UiPAvKlgApx0Jnblv196UKP_l14XgfPqoTwCdE-JZsVF1CH0xnRqX-ASa6yCa1ahx9-KYXMlQXwMA-rwKoinL5v8gbPTh6Fjb09OfqiornbpPlqhMVeLWLyKXugI1l33aiMJH5ZXcxE2f9UBbmB4HZevWns9x0QM2LfN0lpzZ2cmPHBRp9Dlo0LRPAL0DR5rwQHOW93b0VnQ1Do3vpiTpUJ3jPGyMznRRbz_ilh1K4JFU53tE0ELmIahrzlmWkOfVG1aTy0SjNGCPW0cTP1fNzjEFKzG4HWNJqypf82eSXNZTNE1axpw5KT-Ihp93DUmTzbhRF3Ob_pnfRe8urdgVg3UGzUgf6DH-1dqjP3qQVnunfeQZvNa7OUNe0uLPaiYQ4J_hKinC54MajQK6_lmwr2tXNTcAN_E1v4S8lQ0IHu-jl_0Vl-Q2d8YaPjJ8-KkVKtaoIWz1CfbC6AXnIBTe0ktltqwbBjcB_yzOqnfuGlQ9CHEjJxbP3RRlj_PD1GsaBNdYk4eeSK181iDdYh4t3cYB29fN2kRbfRtii1afNywMnnh4hB6VFABz1HgJrq9jsQuFPvM4xu2v7RsodbjhcUn5PX_AE5HdDJuQaMrOjJ3sknLTvUeCdS0qcLQth5m_LjH-4fKDgWwAG3s2CRUWkpRQidfCTBRFKfBlWefxShQpOdtkEFSkOrntoAVcx9Fv6RVH3kpb3adMRgaJfl5yZPUeLeFcWiMBvr0bGoCywPMBxm3-RioSNavWRxBidz94-eRvmVBFjRKLPEewgsct7yqDt5Q5cSHLiGruC46YcdGV7e9uhF7MeH6Ydjlf4rvtdy0GJqh-Wmw-ceR2GcxVKrxMg6G7m3qr9j5jqF18Z8OiI36rhy-UYgytC6BqZiiSL6IWd8TYiuRNkwhuQJV77rUAiW7NM0xkz6jMc7OBeZOcHUZt6VDMNtNITnF_4tVWCaWkkMIb1YN4qpaNOraJ8jEVtpYFtHhVxUvTA7G298FFTCOW7wjNAiMFiDCByqDyiPPoeNC-gQMcdz7x7GrIupG0tW0ZRQm5puc8dqMuKUHNuDKUfUbLR3vX1w-38e_7FFM96GbRAM4WBQzRr9TUtKaot7T1wOtTE5_uXW2Rm_7XLAmWlyz4AlDVh37Vgg0wYLZb0jeAiCqxBixnlzdiUeItVPqjUNj9RFluN-I9iuTidc_QtlOrQLjw4tNgRww6Vvmg5e_OSKZ99xDZ5V_JlfUGZ66Q4A_qLicPgya6aRRxhqdbaiqPSE0RIl2vImnD-W1DO3B5sPMh1IdLY_mbuaAuaGTjyNmaOSc3ZS7abE4PmXNrAt0iraBIVu8XxBofvKGXNj0-8VO2VAzF1EhPa_gisvcZPwpQFUcZjKoWJhhwddQJLNHO7kaW8plGv1cgqhriC_lG_o2xdLVgiEpBShyYsPHPu5-8TZei59xVbJmEjIns-8k4mlgXTrQZvY--MJp5X8KnZb6sHdwBKNEes_lPgj3K22IcOvPoG2AhVoAg1Fa27jeqoZ589OeK5IY4sTPBpWknUpWJYO57FxqIgW2pF2BMD-T2j1cxyVreCqWUsnHPLnTxPQol4lOVvvmuPzl627zU-z2ATnuvykkdpMbjpXmDgZVgX21JdyWm8XEE_BQCKfvjLeL6_MGXVbiFTk4zwuDfckgFgTndDOCC2qqkStKaE7bnhvnyBQCrNJ7ratIAaj4-JtaoQMrZzkaQNJa04uMOMIAiiirnyVI5wcuDeNdBqQyTIh4nOzS60bPJgmI9YdNbN4YtDvQKC5Q_lPFOjSoRDR-XblNr0XvicY6j7lXe6ja6pomQbL-T_JRVlVUUhKNoLIZVJwKrPekmgGUZIQwG9qVHRdfADOYSNlq54SHXVztpB6QVOW-5i0Hcd-tw2nm7s660iX7ShW-aEhw1CC4WKYmINfci2brH-ZwSnIlCbrNg5OqT5Uwjd6z5x2xP1pgzamle1R05ZrMeHdrVWETkpO-p7YSZ18ChZ9lJ3ZH7ecIndHMGpstYAei9R9hmiIoTnfuCoY-VF1BZtOQQ-XNLWw==,Legitimate
gAAAAABnPTFW9Eavevd5uvp7BJsI-i2aEHu9nGf71MJJFfD0t7La1vAlhJF7un7fa5B85kQ__kO7OJ441U_t1uS9niFm-VOAAW9e3wp2V-R-oVT0kbIwFgRBAV7Z-lJMRfj4vJpDLTfz_jGqMeFyQJ4beAfB3UvA3mpk__b4SK6BqmHNYXzTFs-laQ_IH04Q8cMDmfa3npPedT42YDFkp3UarsUlJm9mm4KHuoLvReKrOVRo9OOWl97_KnHSmVKhrHyXlxvpq17Ai3zJwrjApOsKP3JdydlG8JE9t_I_QnTRL2-Y6wKbBR6LbFdE38MmdAupYmNE9F_tifvZw7GQUNyfedTKWUmBI_Y8jj0l9TDznnGU0Y3S4pOoPTJMVK5G681cRLzdlI0DNm-mN-3kOH0Etgiy4LoOLkhCztXxomG6hvemWOuQNICsJnJVKA43Lwn19SujCogOe-bq2V0QEHmTE6P34RgK1jU1A9tcOTVmB3VK2g4CHY2I28YzUJO43vLXsb3JjgnmgUi4zApqSvUQOhook4yhHg5CNBjcZQ6coXSk0_WrJbE9Z63UxGrCqeVby0z7S5WQNqN_UaBLRxx2-tGj0XmBvv6FNiNTAijOWm-sZza05SmYOy3DKmL5YWpocScS-vuhBZsdmBOtUtBfozoPy09YZf8o4-6XFAQVbGGjAH1SZmxNKoqr12XtikSLpLisFy-NpBijcpQDdfefT-G5OuFXRtcb43ebcqTS-khGXdcLgP67e18IG458JFCanJZbgfLQc2OU6Xq5E05CXxEexv0cdTGU-LvIyfCRwTkZu8L_j1DlJt1g7g1fXWda02IjawxdA6BBMVqJjkTDnVLhNgup396F8N5HxfYgZy0AbdIs6PgwPbp1wf6-MnOrDotCdOme4ksOJAJCp0ianNpYrMg6J7TAELpaUvvcagmmBaBDm7XHWY4vq65w0UNXgnXg3d6N4m4Xuavih_PkEv8bSoxwB9uukg48G-Yn0f9YblZIaxX4sNtcWFoy1xxaljiA8i0Kqw6B1FmIur4u88fpUccNP8robfH4HMyoih1PIwUNN7ayiMtBnqW0kLEiP2_9x24pxrO5Ccxw5LJP6CrTd0bUVjN0dr7QCoXydXFaH3aLVHq6VzFG0zavMEbb9yl9AaBNd7yiv6cWB-aJwV0xviontGahuAhRHjN9GGK8GfOOME5PdAvCT17njWRorFzAEuVN1P-csuu7joFdwXHAzw1yg5NT-FGcQCwzdThUfSfkt41ufnqcs1bn7EIX9q0m26tNWv_O8y2MjqQ44hayiVh8SA3PzoU2u99J9DzvkQ5MJEuxbG4p2qw65SCX7MNJcUcQQihTJBsKK4aE_3dvsJ7XSbJsohg3no6-t_DJaYUP9tnQWVgZbS3Vc0wvSanKBQxnax9SqJpDU0s3ZhKfEsW_rD-H5zo05Ipq8oLB4DESOBrp3Y-Q_J5fcIdqKyjTvX1EqPKiFdoGBOY3faOTciAdX32IEOpdR7lgP59VTq6T1MH81-3DI3qujyzZbN3QEHyj3MqCfUa0bp8eE6Gi7bD4BnRYeBH9yTeNfecoO-zxiXsG-IGPbkiiCXRjetRrT8GmoL4zNZtxR4OBG2jzi81B_H2LB1LIyBRvHndv-vWMn_wlX8Qhsl6y40yM2VRgvvrRlET0oAfL4kp26k013W8Z8np8qUAwbsZq9NXWNIhq4P3mTjncZi2K_F3aXrP1O85hfz7XTrhVDaxyndDY4S8z2vqmvOoETv1RuBvVTC9Kyn38_Kvn4tP7AiFpNPm2vUtgV2UgBVqZcofuEMeHoas4MI1_-JhxTpOUHrEBhs1i6zM2hhQwpquT0GvvioPTDj59Yq1VBbuB2Gha51Kbj0ZvlTDz2bi151PjTpT_nbpin-gh2PqgX77kzuUxbA2WDn5Jhl3DQwxj8eCzgpqjNNwC5WCES72cFgdrUO-G_qXV2TEQkaSBjKpcQ4jmxhU2zcN7NXRDF4fOKO-61u5A8RgGj0trBH9lzNBy9QYs1SkVUTn-vO9bwu_bGf3fF5yIeFsGBmeJMJjGbk4BqUXtc5JpZfzFezTNTPmbZvDB9uEGm3-1CyXNwkD95jufJmLTYYGyO4aHLKl66nZEUkhNdrOyHYtgzX4W7THpsqGekBE_QpCvAFjPQ36KGKkiCH1MHB3k-TcwovTKM07AMP4-CGdnZuU_tz2vKoFchs3Znjptund1EORy1hMFkK9Xu7U6R3EslNOAyYSm6poO_4Nyk5q15WrPXps9-adRIqZLhXYJMXk0JWJhlX0U6FgPf-ssL1W1vE3CiquVGjNiqqp2zW6s3eXL-cNk0K31_ccMTKe3ZoSfeau4GGJMGfwVF5Fo2MpTEmVwQpgNcbjBeMRzq85Hv13k7RatBCzJ_NL-2nay9H9q0MA8adgFf-yoey-jjC1pYkgcujvkjKvdpxWK5DF-xN2Pn34MgoGzkMcomtGBfIjqtz38bpYOE8FmChuHPWw7z89AQ90cpQu3JwPBTT4FuA==,Phishing
gAAAAABnPTF9wPn_lsYqLuPpdD984kZrJP9a44OYKy-tOCxNoaZa1oTBrC6uoLDvPn35rFn5V8WFNayYboVlTl_C00vpOVRMWrwLm_SAec8JFMabMUPtH4dJ_hUNb7g6V1htgUeRWly_xHdIVsZZ9IjChEJgLtW8XFHuuhev2t8gefF36MeEnYCQCdcY5nljrGiGFzcS7R3T9WT14lMzp5dYup3sKOOaJcxwG8p5g1U_KU6XGby1BppBaPdJA_c0oxNBfcKztZVec9WTYi-zLR1QgQcIxspMKkHL8BaFPOJAplrNGDpgynd-MUSMsGK85blcAM3lMkcKghhOHOu5vxHRdvxtUSp6LrmOnIPrc2r2Q9EZA7AhqyPXKB77WZQ22RYlrPZVO42mUzN3TqehpLJrRWQufUqBNC2sBWBzO-mAjT3K9G5Mi7KRX6cZTIXJ0eAqeAqDSmZcnFAXJrkzsC9QQBiLzZWp5_GqzPwsKbQuxaaxJYciARcBo_irQgCAIf1j1R8BMMGdD_XwZ6ibYAH4dgr6Y4q7AxdTdb5CEgJb6SpwXzd4nzkGWupI-dW-QvJ2mREHd1tpvtXGZcXAZE0VF09WUpJZJXPCB_UvspzGHmdOEVf_a-4RcFs6m8wBhndFaxqpMd1KjX0R6p5aIr_HaQyIBnUAIEWiPqlasAgjEMF7KoWjS6B21HSTtxztbXcmgpnW5ceYVPz-dvBo7yaXh2rqk7adzxCq7I7_76mwz5ZSJnVRHP3Q9bTzXrzIB5PBOpNzrbKHnm9yollEF87ZO4jPOXV2g3P4IdvQgt1AE6NHb_HUgG1j1McOmrXtgUqdRlzicoIeaRJddXFp3r3ZMtNV_g1z2hXRF76cy_Wvg3WDt4JDd1fG6o1T3XDxniOc0AoVG6kn-HiwdWb0hHP0vlA-Z2RlI6kmn5z0sqXUsXEFi9nh43eHKKuSuveGwpr2NJd6__yeJ1kFWWOH6vOhroiTek2rdaECYES39hKVJGK0RnKD7garD4nt3nBWuzWyg04Ns6cZKK55MruF-Mkr5hWDrhb9nYm2eMd9fDinNHHbVPZSaQ1ylBNlFdsXbgBFaDsIeTDAFW5g7IFp8APOK5EpXfMoIppHH6gBTINfIxgJ4o_mdU8UahDYFxsEia1NgMa2g1fvG63O1p-q3s9M5Ft2045q2ZD7IECNkupSn_6eWbVIvplmrUKkrXGLYQJE4BkMrICZ8RUt4NROcJGEo3oNeGRN9Gb8UPajF1EdQt2IgdJlsCdCg8Pgr9dZt-SQb16B1Kbuy2fMobFK3eseiAocosrbVXpbFyI44ONW1PJjne88HLlgGjNBJQFxBdFP4hjNSMdWfHast-mmMoG4jRcTQwTg1MKyStwGUpBd7WGwT0N_P6g1rtqggkHE4OBPZpHrmIpV84h59el9GVA8JjZkBE25bGN4qniT9iVSxDY-AEZnRyiumab8Iq_qjoN9-5mUbSyzmIsHvsFBjHux3yWriwecJdd6x0nDka5XtFa4tLnq6h0nfwuYA1CHKsrHFYvIj-dfvYfp2qbrgNfnH-1Lb_XznodjBFC0zgWnkrcr8ydQhh0N6UJDUw0WEfJJWOtNUiHTJUddOujIwzhtUoN3AcEf2rgn87YGhRVuDsvW9eH5cw6Zxe0DZqZYzsmIqF1l7JT2Qy7cy0uSvslhruTdA0uWirwezMNYNE3-xaFyhtjRljB56rbwprWZRS7umASe-gAF43N2MdraV4vIOFH-t9mnHE_83tVspgb9JZgaWowmZVYr_a3eOj7yv-MtOMGnGz8IGWLXVJ8X4SkoEGOuI8MhVox5YuOM_jE8RqyfeP8OsZy9ve0pd_V-CV-HY2nXrKmsCeZg_1ConMi8MBQibj0q9Z_cwO6-fR1-iAp2eUQRl90R9y_HR_59SZ2FSkT023qXm3gev9Fwp3lpdhlpsJrQ8jfpSXy2XD8RqkxrKO8m220PPI_y20KJymNi9ia5k1QwxfWRC8Ht91wVxlj93v_ugfJYeI2iVAhsCUG3PUvg1rUYSjehlSnzzqtqlPdhlUPEhgkomet6PDIAMOuAi3a6Fqmy0pCdhLyUinj__90x_Oju31S6T-H1udYPjao6ekFYBZcX80wi2jw0i6iL_HGLZ1xNyUmx6KpQp33CtacGmj9mYHeFxT5OxPLdthr_o4IkpXJ_XnIH3AozeBez0a-VT7S9pf6m9SlSUasnwdhg_iSMGmV28-IpzLOxq8zXEvRihRy17VfjduoUtt49Sw9p5wZ3-gMBp6M9prJCY0j8NT0xs6MIuf9oXCcxnQAp6WT8spmVUZAccsAEJu3UrXYUK12sSGPj-9AtiLYpSigpOlCDX31o15WfwJc-Q099RSTL1pIgdVrC_ej4jkigwBr5v0JW0-5Pdshf4rDmFjqmJfqkpwFZUCRjGjcpVX3VgD1fkXFIW6WGa0i11KEIYGMvBu3RQ7OokinxSa67Bgfr6WnEb4cXNbUwfCIW34O9zDZ2tsFGDNnhwC7aSYcMeo6DS1Qurv7mln_tq5mZEhdK2RNzD8K-b2LNpLxeCLMJPVbJI6qpWet__G3yNq2mNvBJLR9k2MDPJ8MjH602GzyuSfvu4goC_4LFw02R9EPmfEy9P6haH52piQa996NOdCHOHo3vHJFWQ4M6oW-3WLZsemJ3ah8asbvc09ZeCHWbaX-zQmNhPsTmexAMt2QqaIvuXoYf-z0YKGiDP7UTimdXcORsPKDJBdibRTGDYBBGEWWbwQjloGhy9gED_pX_mCgTqJPsCdY41ektv6UVCCxmPjdTYrsrh8wm96rlz-pVq7YVRX5ZTTI1py_q5tnOpGsI7AEzVebrePz0ePTrXHe8zBUTltjPDo0g5qpApQh5vvVGY5PeGNZu5UnIAzJweOEdfW-U6JOVgZdSCASIC4TE2c41ukJ9K7050TymZin_mkkAiuf8FV4CwX5eWBUqOJHeNGh6DtYlq8HdisHjprsipImavTPa3lQFhZaQkLqtTtSPzpC7wtKKXb9IHnQUojipjlNWI6eb-pvIQZha4vCR-ueB643XtlhnvMwJDiG8qp2w7R60q6EAnSZbL1nI-o_l625FhK48-MMLrESsoLbq9La7o9qUj_CLicsTGREPH_MrED6jPF79RKM-tSOV5fAldq1JqY4KxCHX4foRYNL46hMCjnn-Eu03nz4rGvQpnHAXGJgkfEnQm4Td1LClS5a9K9VsGMLh7neUZ3XpBbPxsn4AZH7Q6K4shnzVEtiZVlFWZQdaB1DdsuDuzMZWLLzvbMU9NOUno6atEkmuI3F708csih-aGaxqGW22uQyIqfJSsg4RslVv89bwEzoCgPYjMrUHqYbO4PEWw503AXkRadFhyKma5eV_eJRi7TTZzqKE7gmOaHg0Kkbq5JG7-EBmsG5yfGUGo9LBWpQqYMxv7xeQ1t-66Cg2UQM8L8Cv8eLsJY7Y9vxG29C3Hw48YG3B-snfYlj39Z_Z-riCns8epwVCyjr_dfs31h6Fdih4OJ7EbmQ4o6oAN1sfJzamCvFM4X9j1JQS4459GZKT7DmXzk_-KP7xnABWbxdXQq-hUnYt69aeOvwXBegbUREUn9AT12V9eZ1fQTVHrdFY57CqgfPpGy9XNdx1cDqQsr4BqUoF1j3Tgf4wJg99uljtvSXB7R3G1vyft-YBx49iLHFSJL8X8MhNVkiJ1Q68HZ3wFbBMbJgZs18a5_3zUEiboI5iRW11lyhiDqRqS9Kwz0CJxpVv_IW0G0g-CxhsI_lpgghYPnHigWEVIV-fT9fuLrIDhqboaLcs77i2EdO9_HGFJkzL428rr4YyCOIj62A3dM-86SvpUewQK5wyQ5WS3LQj0Pu9RyRM6ZUDvuqhTYhf-Ctqu2CKLjCCWTHhSeG1Gllza-G0fZdesdc2fLkK0RzDozmiyab-Qc0SP1KGWnanXn-0V8vFNpa05DVkEzXsVMRBjak8gmZtCRDkSbfEWVBILIiqpULAWIGKOSacRbwjRh2pyunIdh4Tdz9SkkOUBC_5y8NMmvUCwoOIpTI8WYcVU8AKvkJtmqehzMQOfAP5s5U8KJSmOUkeHJsPozUdyEw_oy1lU1H7HV-PYQcPSNkuqceaBL-Vqpbez22uglNAMAy-gjzlKHum9wx5Q6oCMQd5POoQ3m_qjyzSMSRphEJUdv73yRVsPsleT9upvP9kQUFfzafHnOxofTMlP_zN6ph8M6bGCeyc39-wM5Gta9onRt9zZIya0B0ll_so2sTMJGzqCs2RBZ2ThqNIS7fxJq8LjUoojt8T4m8uLYFyufufE8T8BkGsXM6E_UGNxBIjGh__wq2Ls1LshDpvqmIbVuRiea7Dcg4QFSRL23WY7Zxoc0N-PVuyCx3dyPpB-kLmk5I=,Legitimate
gAAAAABnPTGCHT1YKKh82EEAmiwvohfWqLVcIRt7VK7Fnyfw06ohX7kyBV4TsbIXZNAhyVW03uA4dbnEB9p5YTb4dswtODYWbldo83WBzisDEfejK2S9D0mpjxF58qllmabIb8R3LSYVERBVWGRYSoOqVRr9tIu95B9SwkqlhZSAy3OFOsRqzNPztKttJbfQMsslb_VKWw06Sf7Sw1WAkiSyN5jUTZJw0ifMqLj5-S8tkW8g490k0f4NL4euKxBv_rM9yWaIibT-ytnCzTcsaH1F4eJu8aiuhmiPG5Epb02zW1GjfeL0DhBWw2ONpmUtz8IEYc9f2JklMfbmuobGQQHl0S53ygEJSdpGErTWPH2S7bOBF1HpJ16kMRrRG_Lqy-qIVkW9nstUNhDcO_UNjkK6GOpzA8sz0o00f12vebI4_WYRUZMrgefFS5Bfbip8unx8Utvd8PgKNWL4WMZFMdRq_Ik5aE-SJ7XvkOAGgoCq18zSKvmXBenTxlvjmn9NMiZMEhv_AHGOD-1VZ16uVlvv6mM2PwkygAE6_f-jwzh_eYeHmpZhRmovyffz8632wIYlyX0iy0rfj02S9qdMGe1-5Eiq1WJX0wTM1Nm44hMGDXMu4E7LKtGDhJ6RVntDna4UhhWmkUqBxWV1xLCv2cnkYePLKZx0hkFwj4Pq69BR4J4e_sRBhwEBIgK4lRvJO_Dgv4LyCQ91-XO1OapwAPPE_AILS_NLDm22pBvm3ojLnp7Sf4Aik-swsL7uKJK_VlGH-yx0eGmH0nKCq2MVGmqtVw-cpSRYDCwmGMo7hLSMN0R9o3OtJku-ueIoaePhY8zPoVnmAegGmKgHKG0LkY_RSx-Lc93C0KdMvJLkHTGEmDM6pERtMljIZXnxx2-P2Bb87orxvL3mwoc_Shxn2eYVd5pXEYvzaIEAdTCuHxHCgRQW-xWtcng0FsIwbxI_6R15kH3vPq5skqmu0as1Iw-PJjVug1eBtajtXypXYcUXChXopsDwY6B4z6jPtBUPsUO2i6zg0UqlLAGzECfhxs5uc8nMu3-jd7aMjzqwTIa285zfW5mvL8LiSTcDM9db76wTt9gqq_uStRSeDbJJ1ySGG3DIYug3wgcekuNY7rxY5mc8TiG23XE3iOqBGyK4GKXSRUSVh2q1G56L3fxhieddsboSTGQwfJ8LseBuyGqLdImFvHwZ6WZwn7r2jsttXqFmlkCH5fRlNBEd8TUZWj0cNoRpvbxpBHK9EgJsMUn8lQv-Pnp2WAJ209XpZ5zLS2wN_RFpiIVTDHhK-xrPBFrGs4VkQBClYBVgxAORRf2ke-OSTFuuO0-5okD18h36yfAGJgI2XYDwSTaJeZGA9FwZX2IDR2KUQaHkhsAoJc9GPAvpK5us8bYg0l0L1Q_4KcOV1jniqCWiW9L6_MxyK2JSKrkVYNpTooRiCtpYX64Petdq8i4GdTdSjN2cSMTmfF35Qt-ROfpf4UzyhINljcYa27-xH7If3Wg-aaaqBWfgc6akOG5T3XGiEBzECfHG819J2xUYDrHR-IBCYyI1TF_klL3xVfoMwA8Q43-n9XoQN0jfmVWNUoLezRxKM8AmT0U70-Sm64xjdsYPSjfJ5eSE38JTfbsT0NuTXRvJsuQFbp1dW5aSMPC7GFN7VkhgNwWUzLKT16oFoz6vl9juE64fEehFjpZEZJ2lV1cOkqLDwZr-oPjA59cPwRL2PXGawD99XGm49uaUFO4njAHfvgT5k0A7MqrpLcwOMWFDEb1qOrF15CSlQ4eKfaYH6Gq106PBmwdNSIClj_GibQJfYDElDuXKyLFcEuRsJXpjTZ5lDJ4Dyf85MtGF_kMfywzJkR-w0BVT9yUKc4N8Bki_cCTaG3qjV8qMguGwB6I0UqCaNUC5SfZGfMcgG3seTEby4DrQlwcCPzqtZ5cbrLL1NyD-2KGEc7dL75j2bc3sPLhzlCgscoPU6YynUoBTyBrC1ZNqZMKfOCY6_JD1dYRFVfWPU1jzSmZr6BSe-Knb2eiUPGrAoxJqeP1i50Fmf3KkFqczepVxDFdiDk5qD0J2018BssjBEWCxb78wLchDNsiTOAe4-lSjH3nxwDgw-hdZnkMFq3p30o9JwqSLKPrmsvJ3_styjMGpM8SIpBl1P0kUUZTIOX9wMupqpVxbctu0XU1UyQiaCthjRtzhbWs7iulq5uhLddS7cLzZKgln5B32N6ehnqFsTZhAapIPzAKDwCXhak2kU0qQgsemXDnZowSw4Nt431ljTkMl0wDZnidA20FKkGPAcpMSuVWwrltfX6TzRWlBJBmXoBp4jvjM2Rydw6qO9UC9JdyWc1nKcQDBh5ltPEYVZWNcYrJ_3Kt0x2kG9YEjbuYeZnphk8SV-hOAzZlpSgTd8nEtZ--DCbcD-9QR1D45fRCNkeaG8zAtzmZ3Q7LIOBPetPmr2jOf26pxqZL0B0bauMpkiDZ7zuPiTliMZ413_m59YissIvvgE8bpqiBexxr0SJvDKGHn_5ZyJ7emnukTO0MRCnbPtTj542KmoQ6btz8=,Legitimate
gAAAAABnPTGJG4mKwNuD6rw-MTeXDuqUeUyYIRaUWjVrFFVVq4Tn5yNTCbIgoeVZ3iWddoJJA9mZ0qe2_x5tK13AH3DSmh3dOJS0vHef7SeJbm8UnSBTqQ5G_y0DY91T68Fa_5TavxdNdoLEHDFY3Zgbcnlv7k82vmbUcVLVz8NPwRNBZowYcPSbgtJwewDoI-7NNEysZWZ_qbHHVQl_DvupG43fzX3QNLWYiVj4vJ9i40YWcjeageh5NmwUgZCLFMxUBR1QsqPTP595q1xvLxk4gtZtctH8AWfN1ebDFOEA4UtlFcsewoLPu4jJs7H048sGKKB5RZyTn-UY-Zbgr-PjFxXM8Dq0-Ym6Ht6JIXHRfeS_OWfWBeq_srM0ByYGYKY6x7O9a0D7nqvGIZJClDP59_j6eDyxtrN0SjOW5Irn3MZ15ITb94I3QndmPf47yP-WaWl7OAHK-F6uuje3ZjCf91mUctLpTm6b7n7wLNAchWOBJXwi7M6Jkn9YLpAsdCBfnIAVzjDFq23ymSNykdv6wgfsbOp0tl935ljhFSx4tmxSp20ehlipTmUrDmlG71w8tqJr2rrg5eCMXg2r8AXWgZ_gmtxLh1n5v69i2w8rF7UI3zScRJInRTFoVyKypvm4P0wYtIJs0ljal7rAcvM_IQnqjDNaibNTkvSH5zgREk1Lcw6Tsn-cUp8T0mI06lODu-2kTYH16wyfGNrC5jExI6WJ_b3SVKPVfOnEpyYQ7TWZUrN9lL9InbzUDPHsiQNdyAAgcrG6RESf83cymQ10_MJrnYrAwUqtnLvpiAlN_FNBIgz7AziXUBmkUaBcND66ThU4WykWJd3KG8-s79VkgZ0pLI3_poZgaeMqLLfxbm2PN464_Mo=,Legitimate
gAAAAABnPTGPadf68Zf79S2l2j76bQYGXU1zRw1wA4M6Eez_Nr6p6gvAK94LRkO-cYYW2KM5rsh94kWHh-eXhXz02HUTBKIpTj2dK3AjfTzsly5qI4YMCPq9O1nq1zOdwoX-Fj1z8JBwlDIVQ6UJCqsIwZWvsGfz5trUcPTOliRn-qc9WINBr5NdeKTXwHcQkjvOfPmqhd7Hft-s_bf9SjnHF13OjLEM30lz2Yez50NW7sce32NEdRbPRHmRlX6XoU9P91vjEnaK6RlhXVnV-YN_op_0iUJuE0vBCfbzjrpiUBhSShIL3fDIBF9TF1qscFFDQTICXXsIAkCYu1XtdhSTWIUulCKvM1QcmF4Js-JuQdVQhFkFDREJ83Bb16RjbGVTlp1TbdI318mL_WO3SCt1xrWWzcbKjJ3YrtAEsyRfzus21d1berB5wrKVcCF_LBXMmd2upX1BWtXxSPW4gEtOMep9jL8yk5HtlBw2FAFKuFlYLYbSZuBVKg4nWWGlAedBnBkGd0JHPiWbV-ir3FOncVnPjEeEQ2QSJI-lBYg6KAorjKyZgKGk0ybAsui2D86cALufoPPjH7N-V5po4yJ0sFc002gnK8mKB_eGz9SaoGd3pHxR1gjsyh9N-IrQmcWDAestNquFN9eZFh9Uoza13a5vWgTcz3fref4fQi3dn__UdzI3m-rfy--wA2GdnQ6qtUirg3W-m5SE1otuq1b4VWBcPzE4dKRWO_2qQLPHU3RrpXhFpWv8WKO4fPrW82o6L0-aEM8coqoIvoQBvm9RFgukcxQ1oAX32QLYQOuE2lNE1Ni4VpSYYel_LkxfwoLcNIGR7uIlNHYXDOxHhAwrjNX3ZG2eXlnVzUhKSGlT6NTEJ-hdYo_c91MEvnQKMqaKwgSpFhm1OEHxo1mr90tj1jpmY1igwX5YSYU__gZtSzbPf3r0t76g_6K5H5bjVzBBBOJk92PiOTTlBQk-hNY-Y0Cb73609xNsW4K8wo0GNM9FNZy_A8RmlhsvHQtviQozKCLjrGyNtcBh_7pIlrcn6hkb7gFuLEG1YwD4Buqmi-km2lIostJuQqKcRG2HmSxZXL8dGJx29w0b1moS83iD3H64v2rcTSQUojYmkpEjPL0tnIjkbMz3QWH2Dc4IsO3u6uyyKuaIYgskfruonXpl3PulkaLTHVsl7itf5od3E-vOIUcm5T-gU_xf6BQw_bplhnhkFnSgVUP7E_IKafyHdV1NJx9FTfxfQdLHFZzZpKszbtNOQ_93lYFcM9uFWOBKDTKfVaw65xbyq76wiKNkn9SVEUb1oZTzvbwHaPU2NyL4CjxYF7XZ9RLFwaqoAOFjh0BwguvLZd3EP9NO_x3pfjXst2XWlv9jaMzUC-eA4tFay9vZErB8Ad9r3vNvNjyoa3KDqee3z1yYorO2kbklwCDGRx0BeWFm6EofoUjmDqss75YDHz6DWS4fNPnVZ1Um1mYMC5a17BOmoD9TfYFbwmxp189UPAPtK3nSaXDlQhV7ma_ch-HeLMo_cSTGW9NsW3LBuMYqo_T_yGRrYOxYAbg0TqzFoyelsr5FeoEL10_0GW5-OZjJhXlVZtOLn0BE4nV_Z03QxYKx87jRJzNWYlQ-AhHUOUFj4dG-aAdzvnES8O71_jREnsl2TRZoucWAOVJ-hs4QMczziGRswgd0TEaLlGciGTcLDUomLBhxmWEtoABFYDrp_pWrw9l9RZcG9oTWi0Hp8XFrZ9SuEvBYIyVrgrz9lUQHTKodiPBh1tSpukku3oK5f8bD_7WhLON90pF2P-XR7-JDDuk8vnBXgRV3ylp8jMukSqbEVZXPoPTFhk2tcM8YtFrwG1eOoOakS19RV9StelKmomyuPzJY33eT98uGQt8xkhhsRiX57iQPcyQJTH6byuZgCA2hVPd0P2JZm8HtimQdTyNHnsBJppPJxSTMDXvQbCFHP6DUyY7T574NCtzL4jD7KZu_jFs16XmV3D4jk7apeaRpdnUq1jKXtv6RkKl3DDGW9yHNyhH2PO4PX_jtsLPDDltpruEiSt0N6Kep6dNoELOx8lXH5jfaKr5cPQFS8RxIdA4Vsb0XGvEnAUdljOzkLnAOu9a_5loQly9ozgvmAzSogKrVvC6P-1MmV8YiTX-doaEKJB98GlKYChp4VaSMCXk8GBaTa5W_0SdYssnp6-9_0FIs9ZXR4XlxPI90OHzj8aYVm6H3urHcoS6l3Py7KKwA2APO7fpRLTsr6X14kkoZ_FEaQ_hPGnsB7c1TXrkAmQObkOF18XPRUloi2fCO-bnfxwC_yCS2vSrh_pgr0RztuuHjBQsLJljsvk7-qv6fU7nJHYB_Dz61dQYUa-FYXaF7h9tVYRrPNTOCJAtZ_K7HP5A1jELz8jDkQrRsS_PLzg-7VvIlVrXWCQI62CXNEsY6gMncQDf3pjWXL-DpZZenFl4WBZbipGn2T9Bv8OZuVWwUuwJ_Ykpw1K_tZ2dvQD9jzq3GLHtK1dKMKMjHWv8o2zD6-zZqesbwPDgRiPz7eQjseX7YMzQk-0Jm5UFz5GrZsGo2QwEqpc45o5i8pyC1cEisX3svERl8803QH489CJWjwbYKeRz2MzPtjzL8H4TCDM-OeeRMClIXxvzFdg-d2oSdXAjl7N9X3grT4Y_YhMNP0J-Y9cqyqZUt6Lt_h_z6O3asafeEwZCEyZ8_5k0xWlWIjhFzSdSZzjiu0YkXb3bO4joUyIB30siOfVO3fOaK188POxp8EodNoMh_5YiZU99js8sMLhbvpERNK86aNChCLzOhinslkLeZ99_NUMml4DqSE16IQzouTLsUoid4qwtLG63Bh8hsDK3WXix5Xh1Xt6uu5aAzPF-Z-asW_u6wPepU4wldNMrTrOqMkZi7a8G_taZUPmc2ZHMwiiY0gPUWAuvZLoVPlN8=,Phishing
gAAAAABnPTGfZ8g5V3NMwo4p8iQl2TfsCg3M7ll4elyPrxpWH6EEH6Z3vn1Yuzg_lhU3EQX0TL1PKn22lYhfcuv_F7OMHTxTM7NkLdehR9YMZ79T8gEn6p6JNHLnZ64qJKl7agSCspyZ7VCD0JFxMzj-iOc7ZbrkeItzp6KUf9JFjJZWTA2SbaYWDwnSaIrwRikmUCSeA95vuDqNtYRSqVRQ5sNeTp5Gd1k2Ee8izsfEABAEcGXMXfoTHNWs30gwlMb1arWDSwVCEiSns3KJY710VsFjFm2hM3VyzOd_83J0K3u43TLXt0wANEdQeUqlLkysLGJ8Iz9nv5jvLH24JbSldOPdCpDNS3-Jc5TTJp0D49KlnJyr92xu7ADzFcSqbONKaQ3ttkpOKjg5N8PEd64_R2cXQvaCJ77VBZMptLI6X_RZOBNQLEngO3RvRPUrgrk_AVsD7XSEb5ehdWmex6gpwUMu29gO6J99L_KnHECu97r3bitzOIttvd_xiOul1e1mUy3JfLKGsxhe6v1QK6YtPAJpjMQGPpmjc7iEYsNVt6svo_wC9ZIEKj3oonwe0NoVIr5RbOOT2YBHmn6HJ9upTlegPnOistneVPV8isJLf17-KVZ6y9D7GBDT1aDdfTAl43w6Gy4AA99q4B3KhNBrFz46X7puqSlDPTPPkf7ZQO42sY7_tifa9_8dGSztJyhCc4eG3FBRPHgWUH8PaGIE55n1Pzvmb1ztCfteRAcUjQq6PwFjsrK-33Lcw-lhvFoRlYesV_fIb78MnHpnr6Jv2wLUxik1joOXRY1XyG7Rl3wmQ4ZTk3uNwrdLBVD5wJmD7EmVmRmYTkXgY_TIP9uuf_TnR30Zifw569gLGs99sI4HbCrPtq6CuVazy1iwHyWSi6LABVs_GeqnrrgjvZRoe9Diqh26Ia_JjzclGc_0Dv-XiCf38L1E3BWj_OK_lDt3hq_Utvn5NIxeV2ryEGFgVRUFOB81e0EJ5hvbmUcxrKqTb4zwZd_CXkMoDdpb-MvSeKLT3jCZlMdUMeAZRSkngpMXgsoMCLNcUfGTBhIZe5tveah0sASLxxb4Ug554q5tX5tRX1NN9N2yr_PmuCskM-99g5N6Y4FPWdtjulkKZ1s_ytV6jRVl8CDSKm0aH2oAefhEuQ9LuGDO-FD51sSzluqF14Ao7S_Bg0DGJ_uY2yyrXoO30p0sLri6p5A5uK-1mFJ1l959HgEohnaEBgcgU_73epIulde9tmxtp8Gt2EGX4Im1s6uRuf3bB8AF0Ghkn1AlbGMUP28li0E6ajkmchaxl01Kt0EHdgptLQFlO1QH-UdJiJMUHf6Wh9Z_VKKKeMB2pl4tShhFbBAQaQKxudV8-aR3xUcsV4QA2zrqEudN9p4hsetffm23Jrcld0_nG366mzAio39xdzpSl7KwfYKoH9HTpxzSGLMoDk9KduBf_hWt5r0v8TyJmfxREHdYfFsUDYxBXQ4PECskg5oeN8z7FGHjF6Xp4oAN7y09gs3e6ZVDRoGGEOu8zOB_JFvHHiH_5Ad6nOaAip5JcE0xv5cNEGZ1YsnkG5taPh6roTEqz3pWygGuGntWjht2QyClXpW6-YNquZ4t-x_fWPYwEL37neNYIwei9gqy-tr21uviboCgOWFyIEA6h2Zs10r9mGdF1NLExJj8I4vkk63Vo03NoFrkdNRKmMXwVu8TSddI8nXElz0PlsqGX2c2wqvdDUwkDwBzvxE-jFSLdBaMW0VOreo_1798G08TxQe-DXwQfN_Zmfkr-gTDNQuMoC2OfUGpkrtyQJmVnKWDilsWxgDMqFFStWVvA1B_Q5DE3RQ16pvQoHzUPP6BIVQUVM1S3JEfxFHSOWUe5WKl6pgcHoTIP3fhA0TpuhAiVEMjc7VOhx1A6VAy-MlshII4cLYWIfgH_TCJZn0DKeqQ1k1R2JaFcyooMWkXVhHJUcQ1ZXsdWyZTqbYWJeh_FidvhETP7boJ14rp67LR7hryCe90LLkkoBqS5PehkrQITarUMc1fgm2PVHc72nTCaRMlcx1AsQN3ia8cwUw9I_vIEZdFFBU381qnoN_fzsYRmvzYHDkz5Hu-EFkxBhygjE-ZWZTQkqCSes-8lsp8rAd7pGQJV9qqe08xlFsPOpIAutPBQQuHsgU4Roz1yoSyWrYp29VU9B037E_LL-ZG8pVzC6VuFNUScp3jEv3hNNhxzojmq96qWl79I6PVeX2HHMpvdb1I_jIjU3lRBZpbxNRwhB9eklbacL4PG0QZDXnvLVVMHFCA1qX2xYUzQorCRvslWKjmUPohSpHN2xCgHJ4ndeJdcJshHEcOkBdKVO0Dc--P-my0efhdvMcVyvOxcCjHIoWqMTHiKn-yst0nYSuGlZ4tiQQYXQc98ybbg5VuQK_BoSRfKthDVHjlmt6E7wyme4maCfGsIRvmveYOi0QxhG9TcD7A09BzUonh1djOZHujRqisYDKJCwuCVgtHfD5WuEU8b4u9mpvK9GgWSiprzIiXVIiATnWIvmLpG_QB94cCn-UoQOj2y0o-wybYZqnYucI2Y7YT0_iApoF7IttJOIBJeGS1XOLIgPlMzKtY9bnxvMv3Lw2y0DIqyOsM2u3KezSYUuw3KHipcws6-TllAm8G6HGwLfd3q3J46i-ZDD2eTzH7pk9YUODCCOwm4fvXdYAlfk7yTIeoRcOqCnwsKBk_y38pEsPBIg==,Phishing
gAAAAABnPTGpfz_6QRboIrgehmd3RsouAGGeib5kEKJnbXwdkkzXp_BkKREwYE7CNieGcc5R40jdxPDUAbjl490tE2CiPhY4OWWXhtrFsGepfLWCjK_Hyokbaru4nbOvRY_Z23JoEYJ8gHUXC-UzUPxLYHi8djT24Bjbx8F7_IGawvTJBtFu6w-WHs3kVp2bQqkIl-E3SIDDbJfQND8Wwi0Rp7hATtOaBjeBs85k5bfKdKNp1n35jD_XG3-eZqA6ojM7jkcNhgX792eZ9eph9eQksPbTUjrGAsfZL0mXJAyoZ2Uy6Q6ErsLAw5BwukKgduSWdXFmPmzCR0siW9pztoGE_OZYkTi-aQb-chuGIg5yYXZlb_1Fr2ttviHXLkKTawxcL4cIteSp31sWWzul3lEkEZeQoMp_DAz5DSjZOSOA4LaGIALmt6e3bjjERId7YiboUf3FOoaCtxdZdtRPcepd6zx-XW8udM7-zAFp4cgnYYwIrBeNSiGgZRJshaxhtg447Ww9t1dBXeJBZbVB5gPWfmNXMl7JtpYYiaF_uPn5wS8PYl9s-wF_fPFpqRlpfLBBHDnuKTmBahB6UNFJtzeR42NWH197Sfrx8Nrh3nbEfC4M88IVvWhtAvzVsXEub9PgErlciWrkDMNox13wM-nIVMx5yL8pAHEj0f_J4GNzBiYSxw2KSFTvcnnteHxZUWngtdFwFNizuK3Ie9fuQbpe_PFM3_3aDSf0XygV7thHfIncHyDx4eWfYszCfntOhSvq41KAlj7BT7Yx_7dHLcls-oGtuyAeQzwfgQgaLrJ1hswxwVwJai6OdIjwKfsdd4yFsrYtLsvf_MFRUW2AXGzwamw34VVixp7UFUvVdi3KHyeYkHUYB49GoUhx9nrvI8S0taVPcoNoJ375wgqSu0sOx8cPzhELA758O5qvqKgVfiov-ZdpJMn04AJPPmGxERNfR6mce1QarpUVP9z6qYMwqcmDWeFui-dFSCzCKWOC2snzcJjMSb0BBTl2JbHWPQdNRjt6k7TsiG-NThcN7NR_yyD3ZUpwGxeKtYj527My0P2c3UDUtS33xx4BU6VrjpAco5vTQnQskPe4bo_2pIksjf8g2KSrzYgyKBnVK6jjhiZQxsjR0tnYAsJLgLu5ObM7KNtfcluZnpbiMr96UjnrQGlR915QJUUmWkNSonNSAS3IveFXt9RhbG9w1_RVXiZKLu0t-4XMWDnvGXv4a0IqeqRGNErG_QSgsES6cmvv6wrhpNWC3J-Gam5frcH7VnSAdCNl0OJSys49PICsJfJ2cISWlwU5ovxx7ay3qGwxGeDIdndHMw2KMNbdI6XWScVZpHmgSnuc9YcWIH0UlBKe0eu4xe107rTOAG7CdwyUcJodIINXrrJReXeRTofGaYWwy1AkGS2BRAgkKydO_eEk3-aeR0pjqG_4Bm40WkIMN4LFSd1RdQ702AxzFetb7PZPhdiF-6yBiuQMu7WvD7LdZcCaz43iZDk1y6-cNurgy8jYE3JxI4OxUaDxBeKAT61tUm9Z5ogc8rfidDCsgZ30hJOOScBY2fMc9Rqv3ADFI9M36G5qakL2YXK_2EIqHH10hpbQeshF2oopY5coWYtkGCB25VRJxmliJcjt6dm6Ly4dd5kP24Mb56z-h96FNUX6hxSQ9rv6hSTXrDzgAvCXE24LzibljMHN6CGRJjZXE3cnOrBTF4ThtnlP9GIoQZlxcXoG8wK0SEgIvc7FsU0MuvIpH5ogh4mpTFyCnPi_UmPxhzJ-d4wFf9rIL13oYtLBuLrqcoTtcA-qtbf__qbbw9aNli-LozekXGIhP5NtmtDiQ1fAfoIureD6QXI0ybCoyoRBc65YxNge8EuttDioH9T3n9-lkWwcj4WGf1uWhF266N96R2u8ZJ1Jv-sLRgdKhtb4kT9umdm4i7EqSSocMLMUkAQCiSPJWbEiuSYFMFY4gOPZvcuhjQ3q-1LERfkixV4w8tsNMYWtCtPxgJtC9_v6Ycn3d_W82Es566q5jDmMDegjF6exzq2GejqgtpNTEMRSNAlo5G2mQcIzvvEA1pB7IuXpK0a6sNXInRRyJuTEEzgiGKkEYojnzgvsMuY--0fxV71IREBat5APPipacc65advE_YE2_gVb3ompJ4CkRYolD9cxPqhgly8s8iWt6l-mMTL2s1o1Clgc8qpfS5Sgkk5SZz3M0Xet1PV4qtOe6cdoo6YMzOkJaljU0twgQnZZkBuOTdGo1_cVBm03lDFFJOO-iZg5gfD8dNAetaSy6o2gRgcBKvd_7AjFuttMws-2TF7nGpHhfTn15er3BKFMgUE9egLoSTPPg1VNgMdWTgdWNIsc1YeGdbpBfHw1y7pJBaQAb4EQx-DRljJ2mfgQTRvBwRbjdrsTD8AgFoqK-ewgxJrSIP8Qn405UQTvVIJbMGHvaEGEoL0H56GMRPztjJVyLFNU7pG3MarYxJSoCjGpNWGqFvU6DAWonBxbRqKP7Arx8BCpFoS2rmIl2-GO2arb6I7lenJCUwELdhrp04Use-DzwexmgvIQCWoW3DsgEfgnTJmg3DDh_PEo3rWGhhPauOX_eKlayPidIRsbZLMOjkYRSgX5qi_WG6iZVI_9Nv_qjdEncpc7LwnG6qxq18Z4UumGKg6GRihYqKwjvbxnwZJmZn9jkWO7MWSGCYo2X9PdfJnVS93OngDkOgjX-R6fbDPnOLM0hBlc5ygIvCXGdzwH7I79_ejdVKLpdmOL8PWl7srGmrqG8y6BxmSrc-FmHu2VcG5wTKuZXANSOZpGmq_yGJ9Z9-GNW4BwDIVeeGcdLIBGwPDZfPkjgTr05WGT6kHjc_DM33tzSVmAY0pqhrFaghseiBtSGGW-_Ffvx-ztkO-mNRv-ceBeN3XRt_kTjkArGg5FvScaUnRnUvbioxpltAqUKRIveEF59xaUFOATtMEN0pGVxvI_8MwgGPahJ7q5d4VmetRw0MUADgwNhxYN3PCIe9YDt38nE4pQxHyAuCksQdGX7p0mThEW4iWXTht4rfabE_tZV2aTgMbvAQZn6J9WOEeJW-xDGLApuf6oA_UiE5CMuwXuvT24H1FpyH5su3UadBoATudQORtGoAZzX-ba2vOmXQ-sLJVLSvpyVG1F3hgZP67mMH7iVERCF_lli-7gt94SlFcaz0RiH2LXb8yvqFOCsZOuj0VkFc66iP0aCtWPjeY14mQiyly5EYOw93SR768BAwoIBJ55IQvHCWLwDzaWGZY41LdGVjCuGynr3DKt1AD0_B-VYHr1G0EfsRh-BPBgTUr-ROjsThEUktN-OvALqI0nh3lnczR1Ft7oFqNeeM_FSZyruUjEEmB2Ksr7Qdmsxwk2VChJJa63v8V1GEK2lidNOAaDErXNaPyy1YrvQCtmME_H1mimTNfSurd8j9XTGMSXXBPCrFHRbey5teB1Sdyt6XX7YU_boODu5tx2VGgAKVQFZqwGTow-FY_aRtm-Euh1TPBZXzsSeVXXoNDpW1JCAvDRxNvPY5BeE1xk24UmMke-oFJFlWkF7VA771YKtaMOyt9A4ZUFwt1u60wOrxsI0tAyOF2Pgr8HBgMAoI5xOfJ0syUgIBvp2QBnLGqx-pxngyiay--L58evNTTV_To8R-uXkIHwgoiWNLj3dCE4qPGK1yiP6TXUI4YdMlbOmMfuehrVakg7U2kyyPzL_bAuXfitVQe0Vw86L8_j3KRyqhXIKlmZbWv3KZGJ3BRJNmHI7p6pDpAIDaSGEl1Fdcafz007wJeFQ04KEuofBqJPXuyB05PHPbRsQ8diSzrMzKdDqXADjFMSTlfKWw_IedvGkcVaoRmemqBqbeICN83ifDDduB-iP_I0gZfBXy3rT3j9NtL3DurpNSD50y5R9954QKdSAmUK0hAAdvBUI3fn3qYA4O2T-iKfSTeK4W89en0ytt5oOs7UKybiZmvlyeLFEI-aesobu5BGYoS2rCMeWTCc5IGskauK0t34q88l7lrABNn4kKGAlykcHgWkMeo2lQcUvi5aZsH4uvmEjiLc08ajU9JniRUkrysOUgZ7R7x0hh2-YKlv2O18yrOVaKyBIdFPm7ExszJ5XsvGEC9EA7AEtXbTb31RTu3iIPb5YbrUK7DyV2lJb0hi6UBSMn-6wTjcbUtSvXrf3ysSjXSojQcGUHDYjb7k0gIYWAjIIosedWhtD8dIEPw9rDT0XQ7hEjdfq84nfhCRUxFJba4kWbf_RQbRXri_Awf_P2eCp0kBZgZEEeCdphn7rCIEBCnhy99rxSQq7sfPAlIu8qxc-YVj4XaAO_3F4F5RzqWzPCywZYWvjkCpV-ENGTcLvmDnfm_qkFhByp3ebZhH4KajyuIOQfbDZCvEiA8WHTnsCy-EXfyZax_2uo39iTBlsHiQX0q6nZLV0s_K0YFwfrkY3jKI3viW4rv27EluejF6qxxQC91Erj6XAFB9ceTM0JkYW6qMgJR6OD9YBqagjcKhdOzoYPUvTiVINdcWIaU76lk-ajbNpnN1vYUrBr_EtD1Ysby9Po-Lc3NDT4ZovoeQ5HbM5XkYCDw3JnHkacSMGMC2xm0YJyxbYnJ-CgockezSUP6huNkP9-TBhskexDJG6hBb4X3X6CTiku_n-r2azlmc95Ls0wMv5xXJ5-b2aFngrt3J0KBT5-tc_GoFImWAYJkRocW4QMfY-VygnYI2Qedb1Ddp8lppB3Gxdl92hmxggUGQg2zqs_gARnD-e1AUnF-1HHHY533ZN7FNiFMEIUhoDDNjEgrvxQu08EZpMqj_zBJZCZfT192nse9c51KOCzXLAnfEbWL77_4UkYqZvRy5K_vCtfY7RIgbIbQWunWp124J7l3VhWFTGm0prE79YIcm92WMDAi2uDZEn0BHIurwK8EIiNkbfs8i-lc7OE-PqXm_HKuiITtVqSluuYVI9XJCXQtoO2Rjl9gIEx91BmT_9VqNmTxQPI-QWA9v2x3b_XOXPeHq8RFsDwivv0SKOPPA34yiir_v9Z3RfCifHnrl3mVyOcA=,Phishing
gAAAAABnPTGwCoSRhYECBwgN9LmZe6waAehRBmVPPTHtLj3iY9vr4A2-vVegn2-gqnx2ExPBGXKDWf3nWy22DvZhX_MIZ7OGV_PI9NTiIarGQrZI3PL9FlDwSkFKyzaYkNLc7GBXWHBNatwlOu2rIT9T77rerTjIiXQ2tWaKEMjpXGlnAr94eYWafr9oTc5OANhP27WC4P0zZ2FhHcX3u8Rr-4cXJ47l355S7fEFzL8SBcw_ZcfuEKbnRJimpXIi_pMyfoQW07W7B3KlJtNKsgygIySWSKRQ1H3tPavxNL5kjlxgHbVygTUF14W8bYRE41hA1eU9xpPb6JP-mlC7i_vdEEOiLY30ZbAe-htcO7K_ZNZECzNmkxQSaCC9d0qwE140extD-9hmiPRhhgwK1MCV-ym9fM-HKmz3_EZ-YF5jn-kBhNsigbZIFT8wsHIqjyhBZou7ev3-uyf87pucM0mGkp2weROYGM8-wIcomwUir7Bcq2qxDpe0n4fgbmHMwKL67y6OWbiAPeoubBpzURyIlzQkDqpAThJQu6ZqXAM-6yIrcy5uCoINfaM6K48Zd4Zvo3w8rsuMOGr1fu_3b04W35MnS4OB4rqVgze5rXxfCkLVRGdtFLomuO6hhhaC9ouqKc4Q1Z4M19F0qpsFQcweHgjBze2OgS2Ni6r8t_NZ_czr214TaTGO6Xpae1rXIytlyADqHWEnG22tzaXG8_GW0D8iTbpXahm_5uFzMANxqWQIBToYDk6FWLQAlEKS2B472yElLtk4LKyaNHeAJMxDjG4aYtgSLYYfXlMTVwjhqO-sZ97CbkCqNwKplDo_5clnmBLc3gtD2Syq88vKXy2LrgQvchwmmCTjnobmIb8TpLFje_p54wbjIvKvMULd1mHYcGKZsTU6mdXcL-USp0l6N8HezpuloxqYHL__-lx4X3u9OstXZTvbLgikp_DckIi3ulZ4RJDMf-OxMz2vOJwgcs38eSiJFLo15mz4jodIVvhTpEmUUciYvU0TOMR1cBWSk_-jkN7typ7Ipi9lljArK3Utupx_Wv4hnesmYU4j5ltmd0EUXzki8Is0Fo3ka5deMFzBT9cedGqnpAjjs-Ags2UR6R5z8g1T1EGO2dkemu8HYiRXmWmlX3TPjURvR0g-UynxGNV_kDRlo6UmexEMJ7usL6PP1au2PNxJrTqEP4teXfDKEvyUpMyauJxuHpbl3pZAaJYSTKiEELbI66yAYrD7NUK-t-7HYdUM7hx3FtJGslg_RjgPIpy55-QjgayT-5DdoPPOpKhXKiLjSeN61ZHa1ICunKBXhA4EXtF9pL2O_mFfENz1D7sUADwpwUlhXFDGhSUFaeIE66EH_Fqwqfdf0FuTelMEY_nPjybzJEyTH1xZaMYWgZz4Eeh8E0o244k4JWSO43p0_Fh_DytKF7VdEL2jonJKRAN8tCfVqJoER4cOozYG5sHoKNb1v3XPkoPKwAekAgFl97xfCvq2cvBTfa1WIu33KhnDNhd_ZK1AeRgY0Zio-soRraaaAT_9ksZ8Sh0CJAw7X-ohELmvCy3HhrOBnjRAWqG5emGUQWf7O1e1BjPZLtRgQzdtDNXHvzTbtHH6_rmFn-ZhPC6vRA8lad_rXIrW_yy7IVJgJGyM0TzcjRVLimaSZmuAp-x7QalN_ZCsaEdo3ERH84gGQPsJgArnm_Olg3KDjwJ4BD4U8EikUfMt1ZtSD7tJ3_Hxg11zFCgOLF_e2RbxfHGy79ms135Pw5AbzEP-URepbuwcIFbG3w6jrt-XSA0OtsSnYLh99DvMH-fFH3SgYEZSTh9wJRuetKhooJMSp83hb-4QIKdRxaIKArGOD__DV1xFEOoclOB9GM5UyvlaQkVzX7e8NCtNCw==,Phishing
gAAAAABnPTG2ZNBtYl4vJaH43M1G_Q1O6EVlvj9RM2Blu7Jb43M45JMZOo-XRAics0CKTSrZJkRu1ZfpUP4kRXrIi2NSlrd3gpS4cgLPd9GNL34fZP5thsCEOlMHiCWEnLfu77rgGfBbp0Mk2fH5fs5npnMEj6JDq_jXO5qylTpF1d8s1jlO72rF111HPXTH4UH5-E6at69eWigAeZiHCYQFxm0RVvzCSi3xR3mWsO2WAe90FOpSkJ-fxqri655uX1UPlu6NInh83SMsXjNZL0wuAgWyRL8J7JvxBOYZmED975ZS_4SMzq7EN04LMN9bauQVY9CE2pxJVCEiTJi5Bk_7Suj2CjOXBwjQY0lzbE_0wymaNM8VT4YflcfvWFoQjU1LOqznupciN-puIZqJRYNglBSeBbzhh-q6NJJT98pe90VMySItYBjENM9oLtG4ffIpXSz6JCLuH9J2zxMZBkfNg5IpFH7qtg3K62IiAaujeTPfVpWvbNCeMrD397OjwQ4O26XaVV5pKaUjxCFuUJweCdqTujHIIHvZSN-BmWik-vTtuXiVbQjQrXyDkunhCh8UIrJs-RC5fd6bUBnP1EwvpTKt8Qjg9BZP6ybdI8pTf9-YGu80GfBs6p4cVLfgm0O6kZPjSKEsUGznIMBsYFWNNsFWWHrQtqP0-CSdRfNkNM9Z4pfaE-8bipifhMWrYBimx76fq7rzE5hNwzVWvmeuKCCSe91JwR8W3j8_l-6HeypoNIhtRNmtPh3LIcJI26zn1t5ZjoZ8ZAjYdWYTpytSOZWi5dtVaxlIMpuD2-zb7VSKI3zCNTzVdG_olDBu9zVa-qegdLymrAFgGC9LQ1d63tcUok_m6qFrVfOGSc3eYrVA07UY3O5NI_lvrYk28MycZFNcpXWc0h3Plnh4AUDaXR_h-bqgJJQu1HHkTsotGjW_PWIZJx2ysox7M_iMDwl1jyt_SeluQ7bw-4bSksFvVhsF-8iehxz_Hi0gTmkUBXirWys2IOX9ea4K9DbtZRiWSkpCNiJGraDoEWLhDwyDkSOz85cJZ5zSnKx4l-Oou2phSv106V8BYcysZSoKiNsl6ybXk4kg8S4IaVl79UZia034fcs_XcEzHLLCqSeVtn9O_YiCtyo2Tqj-FIc5ZKuVuelgAZXn17dxhrayQi2Uh39N-M8-AvENoVhpuKZokkSJ0XytZqqn2RWwZU6l31tVYIrqMuaiVQYKRh3rf2gZb8oE9lO7JGLahISLUbaqroRj4Oi-wvORB7OmwdJ5_VCvAPuvbEpr5c6D9lRZRqz49FRJ9V_UFCxr44oXEEExqEAW2pB846b-y5GWDr6NdMCt39tccdh0G8gz2fan4AZsFnvjsG1OrxSfXZTLSlbsz-RDpDvswui-LSCqLXtB0tCoHVzF_IeLThiUP4uZ5BKPjgiQj499zoUciMgh1HJ49iURffzqip0=,Legitimate
gAAAAABnPTG8c66fD12c9pCuG0CHpdJiQWLLbd1OmUuQYOzLSvc-Rie_P3uQUKBH10MNgGX8gkCQo14XRNlqQDWV5OT433XJ6NjYrlkCn4M87iE1YnMGXyaLFJGm3Oy2Q_HUaO6VEoQLxeS8zl_6PlkXgYhGZ0_36yQj-AX-gBlyu5mRe29XuMRv7-vVmEZI-8TXbSWOUYK4SfNpJAHFvNTmJ10XgiUlBxh2YoVrcoK9z_Jg5-hv_Vf-3wgkkvgFkzcvRQ6omxrE-3afecIIFcrB-MLofroJ3y62ap61IwWJT01ITzZNn72rC3v65yXrNSMXqObrYp0xcQuRhqTseQUtfKVvo4LhsmxbGlABIxoEH3oCebmFzITPH1fzkHWdsT4tHRm30CMWf_Fnvi2OiKXVSachbwk28KJF75wwz2tDhWYUK0VIUBE8fJoutSFjnAL0HeZNYYHHqDPTk8BQzma6mb9d43IM7kKYc1bOqZxf_k9bcTMAixP6lr441DBgVbMngEMbBYUSa4baUAWbLSjbBGEHpnJGglUNL6GnPbhnpU0to5dZtV41zOfB5ObRiaD0ekOiSCtKSnTJarLo8V4QuOcKx6Nr-A==,Legitimate
gAAAAABnPTHBMnm2aOUPQymwQBo6QWQwoa0hWhIbuq7k8qAL1qOwUAuBZ4HV9OOCXkKC--0Js56lRLmcID_SCnrINiMIVa7_YAsWDMFMKQxICkgWgPG3F2HjIeDqv6n8rMbbGca-J2F4IUKMzPejezeDhzA7qR-rfXWhIG7sOoUAdPXrJc_EdNPKMhvdUTzi-9BxsZbrzZE3BYcnnEExR6G8dVtoZc-X5leOTkLFoW_sS-Ap6H8Ytv8apOd988Gm7HvkSzh6mkoB7wOVQCzDyCsy-QsVwK8p2-iKfr-9kqT5Er39UxPgfnnyg7LjpnF7u5By8j1cJY0xtQTYz1SroDddcj2EZRz4ppJNDm4OWclj7Lk7aNZlh5lPoqLKPG3Z-jqjaxGmSvkRx6-B9_GZK0N9PSgmQKIZEAqFiUvd6JjYvvbnFGoroDfIWr2YYuiEuOV-iFneY50Szy_NgqpsVJXUcc8q7khfrGnl3kMsgk4go9W4vYp2orSof_eR7EGoh1BMEPBwGxZxWZRSKqZ00um-uTuilnX7GXJj_LNR7HGRJI1rF4fD5XxLC1aObEh6aYv82MR83qRQcRwkqju3S_OnADxo8kIxmGq7US2GjyzOOz1-_CkUVaF0qe_mgrukSQwh8xDfs4rNPnVeoJNF2i52WJwt6AQqdcx8uoO1gKEY6-QCjvMOEdM4lxtvJpxRBNSyom24yslXUZy9DnUfH_1piDuW2UEYVucL01HmHSo6mQNuZLElj446b8sYQA1t-EqBpqC94DoCD4Ut2cc-Y-ImNnC90cSeuJKXDWg9oP1Py3KyegBQAVPW0uV22Jnmmxk0bEvT6BKyQkrls9-pX5fexx-vldkS1R9CNdTc9-nf8hirURUdVGrqpeMBLcqS_opO8xYqgXvwixjDtkequLU3IZ_IyBIkllmx4BuE1YHgoVubCp8F7jXNQCqjtoizbp2m2lDwDYY9hHxx2FB5y-DrU9SHKTZr0hEgg9UofOI-ela9vTYjAruKUqlJJOKIP1tb9_7tS-Rbain28YyDf74XtkR6V-ZA8tdBmc6wW76ri6CDsCQPCNoZYrDSd6ElZjSuEm7VPyO2Gs-3s8ui6aWTQej3DZDxT6G9c76bfmEBfiIFz1gLxtNZQFZx9lGdK6LzVL0tR1kg_LdPgpSFINYgx3vBmofHLJxTeWOBBZLy2mt-6MndgzidMF6z1hOxMsQU1qaYJEZ9wECfwY6d_xKOiL1n4u0sBlr9fCGETFNc3fBrEPdKhJ6NzmzyC7WduDZrQfNg8ropegmSQa-arWjQ2nwAjHJvQ85yVL1tBK9-Kd299kGka6EbKufEVKuMzhlVvyPHrxZ4jhZUWSiCBwJBjoUsI6EN5U-LfQ6_kiejbg_TUWzuysYbWLbLRj-qkd1DMr2WkOa5BYIAQAjQbndo66aZnLJwiSNUAwyv70xLQdgkJ4KQs2SWJEkiNP0GMmWFg8D4t1cfkd_EP82qx7OGWgDLeHH3zZnuCEExW2YAYfEsC-DMj9g_yrJ4VVme8BptPKOOiUIYb-vT4wJvZR3ljBpofOHuTekofiKIAdDj5Irt0hhiNnMDyHGuDo00_BOxSOe4l9ouK_kJeaSqf_rWUkPbxtZaxOW9bAcjUbi0l1mYXyD10gZjyqw7ZBMYfPp11ocF1Mgt0yFGTkQz_aNUec7lfIuKH_nEjJK7ncnfd5sLiM8tfshFF2gamwT1NBIs2HjJR8L2tl9pUunrLezr9_ncXStQ8ul6zjI-iHW6KPH1iumsvlYD-zWwFIGqcShgHFJJfqlBaCKLD2E9KquXpU_vBIGtdNl-7gZ5TkFF9gMGay1M9p4dp411amIppz5iVP3KCD5xDCx9RklEUumRLFi6s4JjO50UPEagQJocoyGu0j64rapx2J_RMVNut_7Z4q1DsWFq5nNWGV2rf9y5TMyX77sTAkS-CvILQei385syYm4F5JU1XdxeIUgTV_3sH6PP0bYNfhWbCvnw86hfNLznKSe-egkiPvsL65zSo6-TpvzxhGBa5LkJJmqQK3LIABF_IxPeli_uhnjzk_LpGY4D6T4LrW35BSPQAOO7UcEPOV81EF9ssigPcbHuraTGw0Xqdoab-LIPT0bRInS7i3exgAzQNywQiEDAvhaCxhh30d1TPoq5h8YeNwgKyAqf2lCj7NGbv9gznQ4xgMt9Vq6WPAXWbFjwnUAJjnTMR7ifoo348GkdX5IXK13VxK2YKNwzbmVoe1NQ4zWSkGADQ-aEzhMiQRcIeZzmjHDvmWRTCjYI17_Hi_v79_wa8faq8JjiDxuQKMMZsxiuXe4FrjGAwmS1KqXa2WOQzoXiv9PY7mU_eqPvk0j8ua5563YLqp_xb9M67eoN5eTwU1ZaWmxy1e4mIgqIC1a8xyBilD-zK_iKC0kzaLeUl0BUeXkWWw1fAD2r_ZrHtCa8siO3iLQnvPunkeOu_OZ9BAiJ7DWHAtXiu48VAGwzDCN-O3VFC99zjKNeXPwN4SO2C01bbZX7aELp58tlKP6VIZMVV4KedoY8dkc9Uh02fsXa978YJa--2g6MlgAUsJiEOZZa8ida90m_68dlOm_PZ0jJjk337P2K0zG73nFfVY5BO7zDOyEnsJwA4klc9JJ5_3Br0_EPCihxcCqVoabEKXylQJRDGFmJTST3rdg9zz3eW9Qo5uYAvdfnOmwePSTwWNYd3Ghiz4kOJOj5FTQC5jD9TeOc7NWI3_Q-HH6tjD96H7d1QqHymWDA_UESIZ0a8QILoWdqkcvmHNlpzzTnIINlKcAUP-RvbYyWakwdjBLp56aVQg6Rp3n0K67ilUp6N3cYft45ap5qdqXK3RWWLd4zUISNiiloaOP34WFmJ2xOD0iEmDftxUaAvnzbp7Swuq3f2GaMx9q6IYSg4ZLB6AtoCIXlVGFAjyW7PKbmjpXu2yiSYcmVXKmHPotHrQ_qR6tC9iMzhEVVRrqwSq3oF6oX4cszbHU1iAk8JHPJAkH8p7ktny0qh3025Xca8NDxeWIUVS57KtLJ1xG5hXoDRNumUUvQQVlzReq3xybQWdOVyShn5Gym5jBVBFURuFSUZXSPr4CvWZrjTdrI3t0NqXksqDD9-TzqDoB-nDQJi-ZXIzOJuBPBZVKPjh6nDwL2FCJasg2FouIOunwtE8YXQ56QbeQv0ahsxf8oFNyNOF2OdJTLXhS60iEaq1GxiEeFgvjDi2lQe6D27qWd3u-IKU3QIA70OzGmQkKkhy3vyxgCm9kYI1P9LNbhWyXDBVcjnQ405LsSmFJNYfMQhZPIDetnwFnXnCwykoxv4n4NmVb0ZECcDhT3MX6B-aSWXfv_wS41oB-5UwO_rd1AieJxkVRKj2DVFY6vvx9Or5Q7mFJDCTlnAjBnz7QN-ZSkHTqMuWyTFEuFNDaoDEPn2Sy-9FMYH3ZUMToPYvTVJyQ2Kzy-O3gRpbMxmusazfF2YpzCl7EHyZShV4dm5hV1dEEFsMRdYSs-uJTh_WHL15FR0QQdelm3B6-bh0te5UhcEvLX9t1MaJxbvL_Q2NGnQ7VN2tswZJEMLoZm_N-FTvVv9_5ZHFVWvGjt8ogHv9NNGQcWisz2WIQ2qpw6pdf-5nYkER4MZQzGExn-GKf7VMOqQuTfEOodBi3C8Umg2HH5Vf055jNZhSw22Vbnsu4RjL_qqaocEq6fKuW4ahhT4xmsQMEY0BoxgnHK4QoN8EBDZ5l4aTgXIOa6bmhDX7MdyEwm4R1XLkHPQwLiUJf0XAeZf1iHRmaiJ41cujywvIpQ9ZAPNx41wPUfuWqKUzSf4NtnnmsdgrQJi7_gBb_ZpaP-VaLiQQh_Gx1l-0w3PbIaFiZHL1Lt8UNaCNdHfds2h1C5jlq-x5jSiGeNkP2hQMrEWKGj3SQl59pX07S5YFnfWCp-6ibYZkOrT_KacKozOj27wFzkgMU1Z5lLcmn-c8qMJa6_oYRjNHv111PcDbWguFabR32fS6UBwa3wc_6Y6stcgRs1k_cONdXiTQgARWBSjaHNVLTLRaNkcfQzambRxyGGudqYikLv6q2on16XE478ZpJldrNiqxR4aGwdeOrjYC_7mrsHqddaef1Reem9hrfSqRnfkA0xghsxMvXTaPCvRxxT5KaSa2jdsqt3XSnnt9x_exrIcnYtpPxa2rpsTGoyztzCSSM-kxIpBThznv7BlcdE7LUz6MMES7gH4Yg491B4kqYkmJrSzdw_qfn9QbXJ-sSMqhCdBTSoAnCCBkc0rJ00wy9LEXqqcsST4p7eQeDD_jHg1RI7lXuOXyt3dnvkApUK2_mBCDG9a3ZjMniOspuK3tdjSGViGtiY5Gsp0sz_a11JSIBahjdsTOOsBzXeuiEwqWpmMTigSv1EETK9SmlsdxGNt7UomXHFwLCmWRuoT2OdjPvf6FD5j5s_7g6Mh4r05El2dMFutNuh-UQ6ysWUn39VcxSB5qT0BuoG1zO_21WchwdigyFio1dr9ktI_aYNnTtPus551-6QGxFcdD1VMlsd4l8t0Hg0iSVqW4yTtWxEPHJXyS2K-U80LKK8tNRf3X2qIHlS_eCuzW4_rwBkVYfJAMhH7mYsjKweNhSbZqaltAJuNHLzmGDAhg_k7b-jfZcXU9jHISTU6gLO4rtg8QNOt0h9oNgVW3iKOUgGO06QPsJ85j7QbL4zMK9X40ka8cR7eywQMZ0KI5-cVywAPj2MC3z80rLnZ3y_uGPeuJynGnufQTnpgexKmwerRgISIDAaAciSQWdBVoc7ZJmF0KiQgFlqWAbXc2bd77JERMFG4SiW7yhkP1aXddpFR7NNOYja8D4wf-zGbum-8PyRzINetMZgp6vplhJB63SBRidEzvsitwHYecpP3AXhhV4d-MGYkpRz5JXd2mc_47R_PD6hobhIU_wgtMPDwc7Ej6G5wZHjWtinb-N7OIePtt2jMXxcL72-C6HFGB44gBbfKWV01xZrKpQF1U8qZtDz7N3R_KEhobcJqDeKVT5xcE8WR92rckEx1THcuwmg-xqW5gG5TKQg5nZKlykrujB8V8uvzJqqalg_8U5xIrMjFTZKmFNAcwR8i9YRGWFCH0Mjoiozt5Ap9Iy9bN6YTYisrM5HjG3B5ajLWeS7V9FWWwEhyQfTXADVL-zj0URdW6ZY89q-OgzJVKd0FrpjkCT7ta-4y6_O6B3Iw4pzMuKzXZklZXWfLFIlce4hYrSv8G0_tpZoA9Nq842rEhUcm8gP2cxE9Q_w9t3bLW2OPCVL99WVMU3hIkMgPIwvMs4zftFqlQfxiydxz808Abwr4hI8WwaqWiz8MjzOXs8qZv8F7IsT5zTetJlFEGuofWqzAexfBNw9j1ua103FCHUY3uP6xFFLCAIOwX91S1Umf4ZqC12fFa4ZEzIRYLoJ__CUKCREplfzv9sojkip5BlEYw-VhGSeAPUoBjYsOJFx8SBlqUXY4CQrhcZVx6pDbiuPRAkzPLGRs5MsavdxV_OS-LMGmF56gTkkS6FYcUCLydfY2N3ZT84RI11n-dBvN8Q7GctaItfNewVg0u0jhObBEDT_LZkV8_IgfMV2Vq2jzbndjZV9yheWdhkgzDuGyHQjfFqUH8QSVc5lupnc6i77cMc-ytpUEPA_gxT7DI5CplR8S9fHPF2zxFkRmPNYB44_f3Rt_GtdUVZwh-XAEZaAtWbxeow9wxKOMikjaq9T0k2kiBuTuGlhSW_hRHbf8XS6gmwcViITBmOa64eWp_sRi0HKKXkPV0PO6zQ6l3AJ1lAongvTVbRisMdEWFQ76XPj1NzIWmT77jc3KN1CxtO53yIsQua0NIEpIiXMYsb3ckdgSLu1yEqXjt4nTYQ75oA7Pd4OBjYA09zvVtc=,Legitimate
gAAAAABnPTHJ45KLkA3jK0trGA1rNi16hQMb6GoYJxM0uL4KrQAhWhGwkRsugDojj-pV3-v4OPPufoDlKh-VyfCMKII0tTW3ssLBLtE_B9NiOHajYfPSYIGs6ODz50oJovbPWW6vW1Pdv13X19Ek-EDVl_XfrBSgClgmEK27QWNXghUax2GG_LrI6hVfJC_JLXHTagg1YtZU_8B6h9w-xYChwZJJJhvtSoMQYlOLiAkb7ltc67k8LXdkcD-YV8NM7YKbeONPbRQ8otDqJIzFDT5aPJElve1T8FGV5zs40aYC-h7IJ916TeJBPMYt2ablh9GQeN5SAGLaHMmi-CNKsnn6oPdCoHP92Rz_-TMd4OoVrrW-QOD16kFWl3EUodB1RKmdbvTxkhoGaIoHJl01AHTK-ACO7vxNyTa4kg_uktL2QLNl8r1jUU2YpFaMTG7peZKbMbK6sKnM1AbFATMSb-5zJGDlcm79j5RNwKJ8AmOlOZVELbNJWJUtvMbJyv2B78-sNxaY27tS8nIDC1CxnNPJZDjAzuJwmdjCKhw3n2CJ29gH_l4xb-Mqan3Z--4sil0J6YVPMbM-DR8cWqN1VFsf0eD5vF-0_hcOLAB8z9Zcdo5GHlAqoVThLSq_04AwLDoYWrD0rD9pAmrmP9uSWJcFX_MJ5UijObUqJ08xTNa80Xxb-tFOG7HooIfsS4DIHaAjtPe4Hb68LXnHbhBQaPfNTWrF2mNEvFLckj0dqMJK0XuVNkiYoQ70fHSCJyip30r-PKWuUmeo-QRBEmea_mXzsaEWTRebNPui5rj29TU2bNN1ixLlZBqrKwLVfDOmV3oOFyEOwl2tbdOGC6XDX-DBYRGY4r58jaiYnYlTXRG9Oye2Rfv69XzLVNq4sWcqXaryzxhAPin6Qwb4U8z_oWzK0EabGt7UMKYLeRhaxYC1sHSaCpQzNDP4oH_TJr3Iih_h86mjGZv7l8cIYw_FPna8JGhE0Q3L5fHOa1HdCZ2c4kb01KM2WXdNyJkFGVwU4xscNDw7SangGkRMH69rNtaIYFOi9dMuTdLraM9U9BFq4fUIR3RJwbu2nZ2z8HZ82fCBOmTRgJHx6o3DiEnZVQyIpSEHDj3m63tpUFVRov7JAGwSJfBHtrlrRiJmKVZCQarkS_FFbWQXdtR_B1qcthw1DMIjj1BHrZW35PcahsaJANYEXQ3JAHeO9JNKo4pyD5yQb_zDbQFYf48O9ilyyPka-5lVgyDYPXflK0YmQhb5-fFETua1b5dBMEfFI9kc9j7bTCQ1LcCjR9X4vNozBcfh3jjRKBvo6pzxgsDuMaPTpmeM0xtIg9tOGs2k3o2e8TGU9QzWA26njxe8dZM7OvPBNheKQoiY-ocRS-zj-0NneYo3JV-5YgydxR_SHEgX2cL9-BGidlQrz6exWbYv1Iy7klMz514KJgj_9_UOiUrpYBTOtYPYgfsRZcAzumHO5m4LR3LPvBYeB9lDo2llFbm9-waob4gA-I_HLWXC5fKltatJkaidftqyzXiWg1qo8QDOH6zTRYngz_dFhJRNWExuw_NiAlE3pAI_ehOEfuaLytjCUjXcSOnC_x3ATXUDJ3uW4xZpMwiere8nBppsrVb5csD4RWV4r5LzAuwZXL0UxMkx3EBWSEBs8dhqPYdKDzzstVbpNZ5T14ffAX84ekHXaiw30_YKcV289RaoZU9jJNyj3YmlZfzNdwIzmpHzaAQuRhoo4U4bmh1pdnHWHvstjfe_kaXUIoF5zvOzqkD-502ejkBEDtC1teVAQ4DoJFdsmXUM0Urn6v2UQqEWwIqaS8xPf7SZed8Te6Wq_v3sFZ7ZVhxwW3MnKyhdmmR6plZnyTv3Ge8KWlf8FGqi6eA_bSolWL6nq78PBcQtFbsRuWK8ZB9m1DdJnE42nvSG57TmYEsRKfyMNJtCIzB8QTYKKe1fquOtbW5TgRumuqQt4SLkGrys7xW0qh-AtRl9XWFf9eN91EldisTXdjKuLYEuyATarSABhjUxqa70FDH-L96EUX8xHREPb9VOVQZjAPvFw56ISx1vNJgL0Pmj1EdK3oapSicMKIHG2jaemxgHf5XeZ3QcKx311PpYuQl9YqNVpE1Gz8vXJ5p379PnfCUXO7-n_PfP63M8lbFUZriT3BoX81XnZwBkQqKzI_VGxsnkE6BwWqKqHgxS5VSE6S2QsH0uS2LRRd25UIkBNs7KGx-kFN3xLukSPPZg5_4zzNKGzICUmvO9L1YPt99BlGL_5f3mdf4q_JtWPv0SByW4pHLnjhNgLspPnmfAP3uVpByZjj_O5EJCDCyRYoysB-U8NPJNRn14nDl7pXCULzwqNYubvpeoxoBiYX8uMqBujzmbHRA-eM1Su27c70e984FPqirxrb9FzaXJ4urrhwi3ZO-z0Abra0_IpKSU-UAjG5nMmzVXurlRMAmQOGA1vukw4lB1vkpPguOPzjEwqb0I5txRUIubBtgcDxyFcYU6Q53L5KNHvHhDetC0F0HlVi-PblCP3xTaQSoyR8ggriIFlpfo4POR2oLXY0OuIiSNX7OSYsxhb6ILrVsuxNSZSj3MhAcR3EyDbnwi_y-DVhW_xYqtFyI29U2WSaQVubHBohMxULFgaC_nRNO5ZBNt-EUgM5SJVrhz0WI41KxW3CZAKV49HyPQPcOEOsEpEDSXc5tvxIW_R9uQOrf2T7ZrPvj-xq5TM2D86R_INVqSVTcsxKMwOhg6HANmRkWFIqzBfPeMV4Rx131JEpwhN0jIL9rMSWcMxp28YSUPZxou95MFuRlaIGzmgBU1Y58eQaFU_hFmuOIn3Bbr-HsGeFFDJFaPWCYKujcbnVdQ5FZZYefpByZHasHaEdHClw9nlDFMDYn2bk1UU8Ac0Q9TlLjCRy527yyLDJnPMAXXkgPScxTRBArnUCkNQrPtWSjhm4aVgMnVH9S6bwjNU2rENJdBI49IFXkfFtxi8MlRn7l2JmtHQitF9YzAcLsn0D7a1XySwdTCpy39ECrw87cNiDbyMGYLdjeUAQL21NbDd-goTttbjd9MME8i7sq4nBSEC_SzrIWe-hrd8AdLieFIDcK7fdPwN-EiOWWr6FFUKueCv3_qdtsA8LIAyV7KNbio9M2tlj8TYByYUgq43cm6AXUtApWP4s45aIjHoRUx239zo4nOFpzEXiV042NAFOMmWG2YrKSpiJ13QPW6Fg-mA-aDVjLBWSi16yb06oO3KFtWlQct1NnDxxemvcYeb7FsLYK_k6KOgLP0yr8f03BTmqkYvLjL4Hqm5EThCG9xiV52Pi92iBHk1mgTy_WBDj_P3Ate9bOVMvfG2XZzynDnt1M3tUxFii1Mt6TlZ59Ws4mms1TLfN7wXZvMwwLS2FNr5JquBT89R5IojEivOP7k5cCiKYuaL6QMH4vTBD0Xd2JIjSNH6e1-8GY2cQ-ffS6fGpF8n5iSHNCzLmH9oedRWCrikCQ0WXkP8z9EPbHYo5qpXrZQUiMhp0KZHAc6FAL-mEXu0r2P0tGwwvelnSVVe2EsCSoJMjrM9quVLpKJCdO1PQlRaaupZ24_oLs_taMd1-KMlsdGrRP9Z7rgVkekD06rPk7A7gVNVIROEG5p_k8gpUnUnYpHym1UFiAsIMpLNknGlN1MJD74AC0FrhfRadBaGyR1MHm1kj32BQnMAgkDmJO9aYObdDMdn_W5c45cMCF7-TRylGkaeSWmTA5lW91Z0447RoxP-d5xfLeMQlNT-XYPNGMpy3CiA-YPYBXZZt8e0THLMkplQmXlkJaIwBnF2QwokBDSj-8v49T0uMS4N9eKfI4NTTfIEX6dMMpjQnyN2wVGMaeJKXnt2IF21JEGHHOHCGGDtY2XZW4PbHO11H8sBf07U4JlxNqm9SdvUtXGeQ_Mxxb9qMsbViaYoyav-GSMmcMXbKI42XA0NrzCb3GPHAaY_45ET830F2q0QQDryRe3eqJ82rMza7UUyZyCYGNZSAZXVM0-3zxprS-sXS8JxkkPTur3rKgSWsT5CGT9mCUPA0IE0OBTpNZmd0ihIbllDQiXE9hS72dCoO_WeQ95mQnwfkaES9gQXXHGD5WPo2P2LOInGlQLuGxswWkJgpPMjM9yQtnfGtBFAmZxBXgPaNGO2VAEzyqugaGU9prSbOvl5Ph86Ifs8hsh9FK8jWFUncJWFc2naF-4UiHsAXayyXz3IPbpB8AYWjEJ7qwnIj5AGZEuKAO3c2Rg5LM2_nddxkCNAc7uxK6xWNop5rnHmEkYddB0IYZrnwRV6HIANvuRIO4PN4_Hl6lEogstOnPb8-syWZM1bVxN9EoSJbEVSMy-gVDmqozQwXL6duOatTN02cbIgyt_U0xG3F-4XctQAn7q3j-L0uPFW_R1R4J8oxiO8zpRUigo1s9FDq9XRiHLwh_a-_K4wmCY4zfiuMjHnj6koH3VRFAq62b53Dj-AHJi0yVMn9zdPf1acmVc6yZPMoP4MuSsEj7nAkTIlEgVOUeZO8glE3LKhb0C8mIXyTr1xo7kexJ6dTvPOGrR_9lfqeS-F8Y5LiCuRjB9plJnD4kPBomd4SAoaxoisDWHOWmGJM-LFPlqaC8u91hWNaFAb006FNGZBeZrohVjddtlZwtO-tF2YBGSesyyo6i1xzdTEIIvBsK5Kkb2PDZJlaeURr1vAZXo7FAzpOqMwceGALuzEIqYv4SsQZOVAaII-kc9us_xE4OKe6vOe28BVhXsySR35flRlqYgqScUdtRSDgFOwMVt7ju3vuCIUW14fLJVVZC-5-IVJEwk2AYxGzEQxHjwWVD9h33lDb6Y99firowP8iA1ikbScLxmSU3ukTr-dHmaOcEGYkdWFft9t82NtNyytG67gz8BekLcHA25YIzyPomO0nvTBm6TvRowWxmW0X8ARp59l7pSb-MYMFhuH_XRSkuI1UZxlMSVO2Za8oYtYkc-Z-KPP-sPGGhOhZuOIdOvsLS5fScyGP1ZRXPQqgfzQXl6fFSctXDsjrQ6-uM6G6PfuSK49_o32l4-_NhTEMzSNVn4y5nugIaWvsGDKanfNz2jTy226mjCWFy8c5PxBnfy43xyRDWzfL_xPw7qzk79sgwvMuhV_KTkEAQmu7dvrtJHagXVL0UAB1qbVTvRE_W0tjyQcN77UQ3OitRDnOLcFKqlDPeSYbvgC2k3sY2UiOgu0CPnCHKyAL0gnexwPS8O5VgfVIxgZhP4widGMvBgfFyeq-6VV80pyH4us-MmwAVwaf6sR5vS39lvC8XW2Mm7RFmlGqNn0IQBJQKU_8WX54jaBQiWFwK7B8ogfvyE3erAOZAKUedwByO4fcr7jHVPQxnqaTsyZk9k9Q7M6CeWKuOkaPW6CxgrirKSUNFeHdZRgavzPqibYmeHk9-ya3SkDsnvcqi3ku4fY0SLkQLmoOX6bqxQt-2c6V_VzUzbw1D1CCSNMYxNONq9yMO2cSZOuNSEI7QIrzqNZYab6rOQeko4rC52RHgE_EC98JNtPDmtKOOWinEU95X3G0JoUWG-C0IDEszPYIDeFv8oIq6HNXCqWPXebfQLDe2Gzc_cr-n5tuwuUhb7puLvxBJK1DY6q4xwLRTK2ch3Gl7m0qhmxRIgg1mgdH0AcS2qNw8Z55R6AEPnCRGGNrpphk39Vbw8Bc8c-2AV3KawBeP-dqU9FHr-E44sWmqgke2icX3pqKoQ-XKF7smFX-swATG0FytKWMwV478ktauccejD-vWbiVbbyAq_2oQSwLHAmH1oZRFMdT8T6opGqEB0v1zutPGD7rCQ-amW5TApPZ_9aaRTAjs3NO65Gtb4jYlckl7SFLsh44K9ir-l39eLWSH99hJ8X8cjkcONWkl1FWbMly8_sI_PSLafxfNUSZRBiGCe5MM0nU2KJAlu1FRTdzrqJqtasmk5rCoFHQwDdYrLrY4ocMJQHOLqajSs4mIOUp3r1ZN8wkYxHlFdV9s0hAcyG7XdPVFxtN1eJbAQYkuHg5r4xInsRqb7D5r4zhNrYO3Fghl0NlSNdUBVl5kXUKNFNeI8hETOQKqPhfK529jlnuitesLpjziWVq6q-fW2kYXyg3G9NEmu4jAMDaeClPj5LVYfSZ1YkRoycQCbstzarKeFdeaRPMSGwg-8iMEhfrb9nDvPQqthfZL3_r7aL9g8m__KAUYMEPa46QRxrn14_JC3jIJbaD-zY2Le6lrTXgnSurO7SKjMZ6ceFMTDoeQ5wSwM4NBAyMAxEn7mMMvh6PRSU8KwdyD-jwo1sYo9lEFd7WJ90ybxD7KWHSCpmstbfjOlODClRrMGEwCU3F5HG3__q8V-lLXXmhqxsH2FYeHEblK6HDtGVyXtpUfW0ciUvTly6qr8Ja8gtr5dOUIBDvR19vPlB0VnkdxkIixfcBExCTFPH6ZFeZMVX6ZT6UUnJMbA9igPNtwxmwaGZ6aaGvZ-L7CAm2NunC2iEbIRvfEQDcTjJuMV9bTGp1Pc69KeIKxCyopT2TLzu9H329m99nuy037BZq0f1yqkd5OGSv-h8GLnpE5DYehHtBUpS4VwpJzFPCWRp-9OMoNG8VhEerZCatFTNH_qQnSMfVrDsrnHeboJwrXuqiRPpHmKGVyS_DXjgv_r8xFIoy5kd8Rd_vOa-xT8dPFlCMfr0aMncLr0Kl1Nvpak_9Rq0_EQrZE-pSVrDtVjcOazRSzR4MmneDDS8nWKrWTBmMdrmQcylzZ2PTYiKQU61eZTKfIGi1u8vI2W4HbO-IMWbIVFPpW2emNdx-hMRMUGb9YdS7AYVP2s3myxnrkCFn4lHB0Zw9RE5nj5g-wZbpA01_VXgvYXu4i4fnK8XYE9F4UKydxmwCwn6mYGJJShs9ZKO3ed7fQDfa0E46pcOXKjfGoAQQXrm2ltCRWEuIQLxzWJZVkCfdh6tlRAptOMYWw0111R6XtkkSukusuE38Rfy65MBn-gfDCWo332YO-df72m6lczgJlVxfyeTzR9ihpu69cYdjlZ-_RHA6b3xrtCuZqr-6yZ_479TgajR0SiL0COuAtvI5L3aj1Wglv8M0Zlev7Px-lTizQIL90W72amit9tkvhzqQIStE19UAIAMVTOBYO5yFCKDOVn8h_o84acIC8BRp3kAJYQ-q-ZJXSaHBsdhtYNmS2DVVKX7E-jirBCv2VijktSJLq6NdWhuyf_fIhHhlO74xPp0aUtxayrB6ZCPDSPjBDeCyOghF6KbNYoSB-iExez_EvI2mew-Msocj6qyJTgFNXuh_D1mHlqPWQBERJqvB1DN0uGovOh42s7NwnypBAa7wvUUiVguhLnCtlb41-CEcygO2o-DhYhxH4beINQj-xepDhpRYEr7yJw24iv1ClVYC75oFFMDuyGY6DO3Hb5mbzi0O1Kap7VHkMYmjLgJkGQUhS3rpliorws_O2P12EUwnkLFTOVxeFCRQyoYqS8G7FbpYRCcETwbZSwDL7BG5p0OJy3HgBnHNU8yncmtUDveelGNXAVmVZSrX5U16D2kVYYVSo4wwtNfuC3PIE_hUYhZvN2ok6a-F-OH4Vg8tVwQzMKpMoh590V9m7NpLLjP9CpiklhAYP2TZe3UVcI0ZvCt3FN797z2DU-HQ4quep6K6VfeY5Xr0LmlJdExpEq02KaMca95di4HLEqWz7tTMLEvC3l07jgzdN0k6v5a6fIah_-dNgaaDrfQVNyn7pdCif7gVZQYhD7783YcGcMidSEf2797WDQRMa4yqAKUkDytcfj6y7VBr7jwIiqoNn8DKQ6A3NxWS65mO4OU2vlbdmoraKj0UblHUk1q6gyfOzSJEs6AiiGCF5Q0-3bEgGkNlHov78_ijMv3CQLiXtTb-clnGge-6N52v6iwO1RF49xYGHIV-OYglKqyFl26ecqCuJXm8ow9g3UKM-jtYL6eLhgT2gUO7UjEqaMNeYqTioUz6VZ0zIczzZuIFVK73J_jNmPN_vrPKPWp14-WPn3820CPammf7_IKesJi28jyxqKa6Az4WcbxuXDGb8FsEk-6Th2YiVIyZ2q_SsX2qSTXPjAU3Ru0SCr1DuLf-Dqm0dZJQhb5dXddIKJ14I9o-jud_8SuMlsGBu6RBm17h8cw4Pi7M6gh1z0zxsWFtf2RPVw--NrHDvYYBR1z18Rhsy8vZqH22Q3w6SeL0haMlEz42agE93qcC_fNXqf-nZISUG4kNTolkz5w3P4ThT0EoaiSn5VkFtycZhIRb_hGqZpNIO-PaWBl4CMnD_QjEv1b-j_M6nPQ3yVp-6n5AUM7IAUG6o3dy0yNNDHuAZswlG46sR4R7NDmjk9tbM-DUeV8T2aNfOiEQiF1Ygp-RWlEKtfbjxLj1Bg1bUMVFyiHG3zdWOmRIreDodtUEg3uGeOwlBOZtiIoZ0RLyS3ydeZydJWguT8LyH4kicq2H4PL7j8IgHPaQ43fYGjCebVy0Wn6wudC7RRxHf6wVcy6QSmcHuKBj6tXu2dhD9vJrNP8c43CFwNfcCA2jj73ZPSP1cIWbSWg22wG6YC8SJmkqYbOG_hqHtzUoFj6ZC7K7Otx686KdWXVtiLN-4L2Mhanr9_OYkNOj1rdkyEOVYqFoGoaziyl-jSk34MS55J2ueFgN-jSGXjefoc-cd4ndOn_ESe3LypjyqGXyrC1R-LHQPDISG4AR5Wd8uYn8D49Q3t12R058_ty7RMtPdBHTdYLJlai2eTRQOF4fTN9zJNHZOvrj768vaaDAqEvcY8r-D0OYDe9rLGGXmkF5ApW3TIXQpCYH6jOIY32ZCCUlBNF1pBqbTFDDnJ7a2zV26tYGW-8rG5K2u8E5GOMXO3k5kIc8GPqM8KX6oVOVgW9t_KNiHBKN5qtSohWof5xG7qIVMofGKBAEPNsyEx-4of3I9Iotq0rYAefZTyYAnGNrgOtJNwL9hEfhWxoJyIBL8f35z68ZIyISPr8Y8DaSzhkkU3ZzQ2V8i43bbFVFrv1K_I7rh6Tmm0qnUpVgfF7KwGhfMI2mxW1O6LaxlIU0LNSOUuhabHTk5cJuYgcsQ51oQE07vDSbZ7GpxvODqQEzmo5covJgY22qnHNRg-nieReD63pVn-wiONU24urCynTCk91xmKSIhRKP7XuxGlab-o8HQJHJRkci4lA53kXj-qBqlplhLNEX8IF6A7Vq75lgH26_P9vtfXWg0Ozlh0oLPd_gBB5GjvB1UiflsxGdQS0BEz4zBU5UGm95SdtzfAxGHfPhpMa72QLnCAsO9TD_11rUjp9Eqs0u2HU_JSPtAOp0lynIQ5xN2WN85nT8kGgTUxB1W2e8HZ98c9x6flv8IUiMmJFVuah5TjTzYZj-U-ycue5WXWmOTK_9qNUMjfdNKg8WIIJoeGkVQZENMd-3P1ISvdIvybQi6Z3I7U8dJV6zFNU4lPlzMTQkr1xEaQUt4q8byJboiix9GNMRuLyRZ_s5LCnTtgr8o-yigNF0uBXozI31LEeh_61t-xETrjBLwYLCwQhyFyhu3q1T8xmlBm-HNozabnAKdkR-tg46R9NykA5a5XaPvCpzL6VNBaW4qv6oIA2MzRyd8VnCVvdgqw-PNDeC28hNHjrx7lpcFlGHNHICOinBHupvMCLbTFTYvU5H9xK2G2Y2e8klKxdAS9vwlfO_OrjoeOZOzJzkdW6x5KmyggczE7JGJND_3z5UphjaHRoJR7h41ckSNrJPOQBe13ZP30-3PUckSzlA4oQTvrUyIQOxPLfbEcMOmJapmaPcjpg77rpx8cT-pvYwfhQIDf8-nIbCCzd6JJDzkoH2HnqFhlMQB5cA9qym0nQnALTFYViCU6eLkCpTsmrsA7JGWoSw4rrxaRwojnfwOLjYx0c5JNSk6KAfiXQB_4P-y7FJmdUqq47M9ggEQweX_jX2cVpMvmb7gg7uc-fwxqry0wkTtBeMDw5aAiHeMgm_XjzFhmsvAXS43Sl4YB8M5ouWKViOxtPK3onG1dDbVapBpX3sMrzVpYJOnbOu-3FO0YF9S3PiC9cbjqI6UpLHYv8eRpOwbm0qqWEXpdrju9e9aS0ProvxF21BWep-RHU8kVQmaOBLOzLWjPAivuULGzCWNmldFqHERgIZU9hE5tkiAQTvKofhxdR73ryFR2_W5mkFCns_MbQalnA_v97yj6z0Ke3qNVwKKU4DhQOteCVq9huggUrlxWFZmWg_xmCNr8RTyNPCzpQi-oL6MSCZOxnIO1U4Vm0UoyBnIF9-1RQOmSusRC4lccBaSikuIUpfDX7V5RJZ92ZRxm3nUxZyK4yFP1P5ZLlyXIn7jLWBRssH3yQAyVkIv97_08nlzQi9tAYTsGD0dCuYkMYR046sb4gcl1fS01w5r3PC8rnvw2Gu774VSUbadgbeI162r-k3ZX39HJ4106dkSeLamkt67yBNM_MVhPtzQF5qCfkrBQmJinKEStsn6LUYqG3BS2VjyZJ8RN4FLvw-d3AtSEP-8jpQgp7HFTeQrilaRfBOyTpwP1cVGuJgYbTTe9hfWpmqBYxxftrLyupsdPVh3P9QeJAhpzM5viOLuGnnL1XjUNzziqvLN1s2ZFDorKrEW8UkUv6QDr2T4J5VGUk-Gtd64kKZ2KNLEjvlr2YIoCEdLqS_rZLFp0LemgK9lNVl7ztC-aF1u3AYnoAvbew0X8VkOpwy37tLZhyT0HQRBxn5tcAHygpMqWYmEryU16WpXW85sbdajhXNQt3BdEJDG_oY93BdGCBYWrMKzVAHrhbRQ3FIM_-j8q280m6tQOEVWOo-ljcVgfoGIDNjmNF0WOn0I-lfUVLr8kVBCwEj1A77aCrVesbfdHVFLt_A8oV3GzwiXBBz13QSPzuEN0qgDwRg7gSQUHzFuXwnmvrm7_NnKPg7FEWdAN284-XLrDXyAzapraStSkQ5XrMFr9owqVVvP37JU1JflX_12o0n3N9d1X5eje07xRVjzRzj46i57ikXhrKPfogeNTOvtHTvVbGyzMqxa13rCFjg_ynjiS5O54am6I9Nyjf7sT1hFs3AqaZ458VhmdkPEpbqAatHehuxLNLXvA1WAipIwutb_MuPbDCfSHYaeFBssZYBeCTjQtZ_HXbhynQpxDulEkI5COBJkkn-qq89rsquE-U2MXlya_WSax0yWMYS0sjXgfjBXZa8-bqtsCIkcyCR7bCLiN1jR-33Up4QYqzeiLKyc5gVYLQY66nlAiurjzwDZgibwL-GT5bbRSQpOIC64DcrgRbmHnh59Sstb4RSHzARuhwAJzHQuS0ToQ6thMUjqSM5Gq5J7CHtWqHzKwSGPeMcNinG28hF5uHW1HlneBiYykLYdmInFe-g2bsgMFAGapnNvuoCbI3p-uaqXBp9JX41gPxs7OqXvW0pCrVJf4OXWDpvN9742CHmJI4dfGompw77idRi-sL_xCzODa6cQWCRub1V_im0VhRl7xqIQNsjqazxs16x7cwZwobs2roODEFLmo8PlxgkVHY53g7vfPspLxaSHbWJ_h4hUfCIx1wjgpRB12ccU41mLyHWnntHCFSoPJu0zCRWtfcVbeBgN_a6C3LlvpJMQ2ST8c6LC_jvp9mldVgx0WnO-nHN0cuGULoVUtoluyXFdArMNTqz-YzmOB1kg4KUF5MjkUd7P_OH-7eC0hTF3RlOt4HyiFPuKEoRwZxTTQLVy11Qq_9S5PQhg41DSRswHae-65AkZvt2QaC5KfkTzggXGjkjwXhR_ri7I9UaM2RUPrRMuR6VZZmBXmNxQLD_8ElgBlkOcI6o5ssxgS-HYdM5Y0dm756whcfumMpD9XKfssw73VD91VP6GRjlpkBOSi4zTZBFeqL2ZDNqjZps7loX9O2ZSusKSV1J9XtgsB6hxT8Fz7DLt2Yr6uc0AOBw4bXdOHPIAliEMFX3tRIhijLM6g-IIv-tq53tEZ08NcrlVLyQeiUM9VyPp5rTYsg3xd-hcTWD2qaARsxdZJ4e7Nkp9Y79wPij6o,Legitimate
gAAAAABnPTHPFXCoH_yj0k4qxKCsveFpv7vWqgLqIc5bm8qobAcUZ51k0eiPs1c7o4XMPrLFN2s35XithHkvHHCAw2mzLgSLvk4DlUHnpLcu565MmzNhZYNNC3z0lz3p0oltKy4xjXb6iRp_xBZ1sAuJ-SpBDPz6ilm2z2faMZ6AntfPtjdjIHxMvU1iR_ok-54xfcAPQrxOqXVdbwaZIEgjW9IEtFgB4ToXVkmfrKwlWbk-y75IITd4zZUMxq2lx0FnswlKCRPHcUkrB2jMVtMo_X9_Hp6Y4ofau8fAPD_Nt-1mk3gtLdp9hpuKwoCLRJmT_mOQtc33FRR5ZJqRRYY8RfsuBQ0u9EDooIe-SELXDKsXHGHV1iKtBfCk9rXvF6VODj_9NudujzW_gneGoTCnt8Of5SZkzqy6HqH5IDHXjVCVkEvSqz1aO7oJAnQY0Ht4VXwd6cT2qPGXdY6jbe4inQb5N7nl2-1UOdhJsS0ndHarvU7lRi_-H9-TBnf_Ho4TP2qZSCBJYQE8G2uApE3CrnQFXYu1yjuiqc2DmpAvGPu4RiOvs5QD2dB1dxjwbsEW1vIIOHuZ1_CTJXgWSaYM43s_N7dI2lFFYCF2FJP6DhV381XF0enyonJi-a7y89bK_5Cp2jiqpUM32vkqY6fgqblOQ83qa127B_uHaHVx539zSwp-EqJduz4_hqHMA4YE0J7qP7pvARt4uyLsN0TWEkuprx6hy5gJPgisuMfebpjb2uTilBZovS30dHmK2Hl6c4QLW2wxlGfUnW6ex8sALDgWyNJb4TCfU644T60NBw8Qo6ccMx19IwlL7dOZkg7dj-RyDH2s-w1XrjACFkltXtH80iA6kgRmUxL9Awb5VBbupx9WhpXXPmI29h_bA41oUmxf5-qUZuervPmxIiqoIOIO4Ivl2aoqRHnsm-tfMbh64F8NyQazqWx3swDFe4w7Pa4SqNasVbr4wVx4X-YrGfwpfBuaOWpHrg_6aWuc3JDUwM73S_iC1if89ha7QnBRk0SsTWySAu6FWKxGjNtmzcCgYgxcPi_q7JPzo2Oe6Ash5ek7CKH5lbl_G87oX92z9vSvklw40FVW1MQIPC5ol5j97e6xXWG6lQZBSzbUQ_2q0hNP9LkGXUR5cWew8ucgQyZalqdNU4m4U1SyP-JRqWLwzbn-dnnjVk8TPu4DhXOeFyOkRkQtqY17aQgBSFwHmuYiC6SFde6Lv23IM7v7dE7Pnm8_Zb5R2BkaJKxvVBzayry8X3nsnnSE76bdWfZw75QBFJ1Oud_TSAg472_suT9zKsQDoWU5HSEdEso_Tzzd36vZBsG6Hz6EqQXv8P0LtxcZjsjvipmvVZJ7iUmaWQg8ecpHvBGxR4y06VF2dzzFl5YT8PhC5qAfXb3wIEhS84dmust8BNO2AHN1ERKF9arv2euqENw90alcqEj8iGVLh4SyzGFPrrM1qrpnQMnzMgGqteA9m7JWk0MGdnzqx25txcOzOP6xjgbxT5_iH_2frF3wED6fXUCufS7_P4lLgqu7vR0NarWp1NxW8mibspO6Csv05cfRrGNl3YwgtAZYLWUHrzHycko6eOZ3FmPia749N9StWjvISzSLF8Z4hqS0VQjwcw9sMCJGnFS9ZZT8l3P1VZh9DQGhWrx2VGnhHTnSrCz02m_cpy7cfzcVpCjCVulcbSjD2q4OlriV-If7eUwJRTJZoky-zCmYQ_Oo08BLjBOW2lCeLgE34c8OILd_3hjwnap2nGpG3nI_3UjDsuO7hc4rahePtoNYRcJVtND1h5u0OqjQqZOz4MnA1VG4L_NB8i542n-Otuf29f770fdgFjeZGKfyr5n3m1D3FkYR7U7bvsJFKHh5cLXBDrbYOJFCwSY-LYbLBcNzSkwnVEQwWYMbtJ-xLR5recTGbtyArxSZ6WbCMhE9Q4XI9dyKHX1A1d8m9HYQUUoIrIdJEkDfndhCxlJsexpsIMWk-usIFW8-0uvnEaRUeEbftxMJY_jwZ5ZRP1Z7aBY_JiK50-Vmv0Vtpl7cb4fNUvt9DL2AO_gR-7QvIvSGOb75RILxmzaVPStPnLbyms14gOJQVnA6GJRuVsVvb6ydi6LNtrHQRaeD2zesn9YcUItneMMwoi_bCh-3MjwOYyxHBpF50EKhtLk6G--O_B_Mpq71qYMi_7DP9D7ElHU6lCMvK4WKzzmeK9spAIHB396oeCOT_4xf2pXAvLcwqfaxs4k7UTYmKAQwXu1l-fIn4I0F_5Rnfg1jzz2WzqttMR0Sgo4_YYbqLHZSYrKZZlbz9Ukn6FpOpB_LqP5_PY5Ydl4kPaM-Qc8EZ-QWUECtiZduR3jQ7m3EIYyRLofYANd5tnYtK-0a0J-vt0shg-goFYjIzCw15leIAPpiTPyUpIIxj-3acZbW7-PGN7WaGEuD2uT_RBhANFnftz6fGuWZiwiSc9YuxplSHKV3KOGHSNn8m03xHPdAuaJX8fIFUQBQZkktaR5uK6R7_uuiWPeM3J-15zW3k1A5XpoU2zDt_fcIhV-8Ag8oJDshTYk5s-GzLqBDM4Ew-SRr4UsyG1J6SeKpGtJ4TZfADVuVqy9K6pymfinK--C4UnlJ33ebPbkqg79t4PKmOVsJ4ao9WqcwvTAKj5vInCA3Bgwo1r-vbCIBHyWqJji-0jHSZeKT-Jocy0_llrLMO_tHAtuqyXkQD6t9XLThO1ghk1v5ItZ1c97Zhgi8WKrPnIqXLEUhQo28Io8hTHfsedV6fLoSmrTNN471vBKCOSCFWMOtkkdxxgSo9zTu16cpjeGErr-eiRHLyi_pdeWCZv5z65uHcrMqWc-fVfmyYXlwbzcKPmewYijpKIYqa8pg48PUKH4XyK-9Le3HWt-yTNh0DfcFrS3q0s1AlTzA964YN8H47dSLcYm8uJzNttzVlLzfw-mq5fisZWhp12z-N1UcbIBHYKhzSQBhq-8LsrNsHZqICYRvYEej1SSWtAPq6dnD0F84xGci-dsem0xBnpEjnBi2y9tGqZIT6Cq9-cwcWUKVuU8lnEjlyizVqNrKEmNrL31SC0p6DxQORlvUdUXPB33-YBuRVTElgOM9j9IS9B2zOnc56453LqEY8EFIEH6uh2Vdtw0LdrG29Ct9UFM7K2EAJNFo2RnJfz-xYSUMWyGOiofX6RlYpyi-KrEzHiyNl7kqjJhzRSrld3wVVGLAqKpJGlaTJu8GsGdESVo03rihH6oE5qsU1nJaQLrKrTlnNnYFwyidVVe7CzWGK50seyTjS-QmsgUlqD0Oxy1_R42xbUZDuI2DTUNclsx-rqh5vyQiyPxHA6pxcMRGNkwwwzN5PmA7CXRFZ7syjfL0R0qOJGISxV3dJjLicKN3LKUB6sNYNsWlly0PbX02NHxNAd9UgtH78kGrC-MajD1i_DIuFTlkY7Om6M1giknKsI55RoQWo7YuaBvXAj6cQ_dS8B0O22AC7qPNoyF1X0DesBlqETo_5DtEmM04NcMPNQSruM_z9B6LSD5b4a2Jz42t3mlu83kPHahGDFRa5xNVA9Iy2QtL6odzkdJejoRd4IZb6uVfrS5folbMZDhmUEx57ZbdlwEUEM4ywB67b8_L-HpvHQtUdVZXXBBCripFJF2IftIaaw2ZHedRoYIYSgmfB81EQf0W7k58gLkFwJ11V9ecDez02Qv89Mv1tBYoTbJ-XV505XYpZPcFaVtB5jO-uDkiRhyweKMo8ei-YXYt1aTp8ILMHienk7qyU56kQTWAOyU3AmtDXZuowvZHwTh5DVUWHhnyenrM6MuAj4gNlpONJufJ839kvEydM3jaoWEtgLm3vuw5ofUWY2NKFbxsApF1OtMFXNWW1Sa3eGD3Ls9m2H56wW-LOEV79W3iHPmlNrzErGRxgsZfLYMSMKr9LKkLI_jBrd0Y-GtzXqIfRIh6TbUVP3keDXVEtiKuRl92gSSjua6bIJ0bFCd1PUkC0nqdUeXUmKPwG-xrH6OtvYWM8J_sZe4TESbPR_QDy6X3iEsVyOasNYGxjztWnTuQ-DHTGc-D50p9nNRzS0tneUonZ6Eo4OFJHWsulaD1KG83kmXoBMKL_jXagd11MPMpxFi1rM18Gy7PkoUgRffJ4DuMLYB74qshTAOU9CdK_rcR2toH_wL5cNvw-SG4FvEvvlbUbu7gGZZfr0we8zz7-lO6oW4fnBoIc-qpuOSS_HQek-G5Ql3Q4Ury-_ZXZoGPjruTAva-lK98CnDMPhiG5n2wdsqrJ2sQDuiTwB7ldQ3yCz9nNi70f4vyfdNmPOHm3O-7DIUozuafYMZNHDidRMbkP4i07LIu6RahGokCW7q50kpo_3w3VT2Og1PDBe26RTHuXvnA3rBPrT6ZXbYiCVNKAqo-x7AV06ZcDtIYuXY6GgkKsDw-QG5IOquuEcpv33sOgxaZcwAVGW6yaGbfbBBMO14NYqde_YavK74AHTANjT_44ux2KcN4yjIwkW_Jf-SMtleOeELX9vPhS15rD4MVRlagKfR1lXv-4TJ4GHvJHvnGnNwA7qdbREBcQc7Y4PKqmlbt3S_xdabILaj0IQ-PgPLVdoqxNp6lrwJZlhXwAFiF985wXNKuWg9ZOWUZ,Legitimate
gAAAAABnPTHWGu_JrGdTpPGzoNFs6adqUum_VKsKkdmePooioVofRz3rF2DPH8WC7oO4zhoOU4M9AVWhMNp4i5A7vESDJFBSr9RddiwjlLEaKwPRy7_Ye1iMKssm03vwARWwJCy32eLcOKwzYZUSmjF1iuBHqTidggYWZV8M_FUD7To98IaxyvAmoOdHmlw_8GrfM7OFeVNWwW6Nof9wahUA2VEGisJmr8PQx07wyBB_ZJYx_MXaBFKA8qyET9925KEWl7gPsyWUHE5YQHABa7FIpHBBvVwr4wORiniim-M8LD07IZVHhWtDfHkV_PYEGSwHHu1bEhG5cIETKABYXfaNSPqGRiAVgaKx5NcVqv4T_GjCekelVVun8YHEBgaSYhZO_wz62vnf1DyZffpNuVXxApH5g4fUx1lhCW1WuSVtLlHSdoMf28LtNbbtG0ratxy_CdiILyVIaRI9yuDte_l2_CgRCN0rJVJgGZ1kbq0FHl5xCx0b9WYvCikd-DOOKzLZSJXF3o73_2xtHpqwUSo2KCNY3U4pgTlkEgsJlpDSNwLd3vq2D2hWLSiPjEiHY_wC-hmrmO6Beoj9tUUOtYwC8DpfePYr29ofUhXGJFgJVlbWZ0waZQHK8DGTtSNdG61J3gbZ2XKI5HLSI2Oyw73-R004V93ITlAEalrhPtMP6KvNQedJ3jIw6NpJ_1elrOw_OIIaWuZ2lLc-x6SQ98yK4j9ZTNFNQUq64dtxIgenIIGprMw_G7GrVrgXapZozfXjLBS8iDNsKctujwuypQ-Z8vQ3ffBcaLoi2gieNNvd-Kl8-o_hzphVWBOKmlky081x3-7AZgPKtWlSrzY3AAOYpJHul2u-FthEXWNuNgxZsNycgqEIVq9c_m-5LEcdYCstKG523bkp2bF9p53BMf0dDoWDbK-6X8R0I6ofZ0bZm_c2g4sQtitf8rGxUTBDi9qOdWFyQNOA0xThLubejsjYPhXnjXXcSZ4b_IJWtmd09vbep3bF0GJ7_jOmfdiq_l4SrYVvOSWb4uQYb3jTnHPi5VX4BlX59wtHwTCU9shZbsQo5ZlZyGai6JZIJRxPgtAmvJjeFxwYCEcWsgTA43XzDW21-aSzsLI8el8FIY9It0Po_b9ZVsvpZD2X7dOh0M2_nk0NlX-lieYd7TxX0awwURTkjwd13c5wZfUuMTL0B7bOSPzOxmrbXRy8iBtE7ZTN3LGwgozzzgQuHNwnJ0fiZmYAczlmGw==,Legitimate
gAAAAABnPTHikpizkSowHON2tpL8kbpLW3zLb3to8dGJ92TExeH_KzyNOTaIFaeNsElIPDEn5oxvLWh7VAWrmmIsEPhUvGRRZYWgnsdyWdSlZVk_Omg3kr4897B6ftpUcqPTrZoI05RKYsPccgIItZd9yYIfkEwyCemiZYtgqmuqmFDcJTY5jqooeUA_MBqD_VJlYJ5UWuW32QQCCfGHx7mjbz_AJdka7K9Q_sj82A6ys_al4ale_dOHYZO2kQJeUVNXNvkXGlZ6wE93ziIyqOw24zj7fDFYL5My2Bjduoa_DZtF94XKYeDM0MJDp1ufNzP2z9I-oL67PlBE9MGlyvL-zU2M1IUMnI2SC7154MrgHWtU7F70i7dkEl7wUcFS2S2dE-ES2GCgNFWlfsd6r_SZ9s6ux5Cf35mNv_W3H9hCk71dK_tMLg-9-SSoZ5BjkVHQTHMzCxQjL9dLygl7yNOPUunraxqX58lm9eBHOfynjRZKzBMENP6KS055lCS9ShARME7CEqu8WjsmNDRcgTjrJZ6Lrq1nUo62aTlMHhQfdV7rib3Lz9GywJOgPd65MyJ7Vt-xEJFBIIWXXgpb-xWezlUeFiawX65Ut6GxdkyCdZVX2P9fSE2oGRz7s6Bq9bxzfHuaEmwyk32RottMFgQloH2NBVXpGs1mvAuD-6dPf8MEoyjGq7zE_hPyL0Mv2HgehguuFuF3DpRqIalZ5K6l7YppX7eY49Y3R-sqC-cBCxm0OZM031qLOVO3vFV2dvV-ZEkIFg4xgJ-BNaKABUgqF9XAydEgyUm5xQ2GzUK2-88B2qWc-qSwaH6S8MbUQ9VD9d5NuZD2ihZcUan9_eLYUWaQqSqAs3bwQrdOodQOhUg30xH5MANDPY7bGSapJTJ5OKYk9zjIfazwtJ-tHScZpgIctp8tthj-v_T2C3WQzvHgobplWG7B-fJOPNInw0etl4gZ0K9fyTSgRf5QwIM20YkZkPgB9TJvUDLIpZvgyUDh2I47t_VWibDKqWOeTczDeRtlPjU_wWZhZk8O3X4XB0l8DMK4a277WL7SpbuW6iotY2c2iH3Dtqx2w7KbgsQiFJydWDtiBCYuqh5j5K8-3MgfCFk0y8CG0HIPqXCCzlMHNn1QEsXwnAb3reTyF3wkx-SMqOlj7FxcrKA00Y3idGcf0w4vvB6bCN1L7-xxwCZUt7pOF-yr0Hn4amGLgfnUo5dLTbuhlQCb2yQ92P7H8RZoK7u7TgLp6h5OH8YxY_zIjzAMzAcpHc0ce63svKjkUdf0RUY97s0KlX6dw0tYnhvwK7t10PnARuQ8ujKPGyxu0UlXA4cjtE8Ksb9nikOekFNGaekcdSYxhKA76TPDPepMRuHN8TLiJIlWvmfdORDD9FPa-ISIYB1mCxSe7zTboxeWHQwjEtKJ203Yw3LXdzmn38X-9P0xfPV6JDGYNq_SNzMziDehTxBPf15JZkRbDg2uq7MzqMjzpc8xW8rdbzawVa91JA==,Phishing
